# Blender v2.90.0 OBJ File: 'stick_2.blend'
# www.blender.org
mtllib stick_2_repaired.mtl
o strick_2_fromzephyre
v 1.156493 12.351109 -0.478500
v 0.986247 13.521389 -1.286572
v 0.624113 10.439457 -2.661875
v 0.619688 10.686537 -2.430824
v 0.748167 10.557715 -2.374724
v 1.005261 9.189800 -0.285576
v 0.009843 11.391639 0.422017
v -0.126116 11.417736 0.283176
v 0.212108 11.301825 0.477625
v 0.178937 11.594860 0.220366
v 0.470502 10.783054 -2.260937
v 1.130946 12.067936 -0.465524
v 0.861065 17.554434 -2.189689
v -0.093181 1.864270 0.490105
v 0.119565 10.121430 0.100732
v 0.182616 9.822960 0.060699
v -0.065113 11.471175 0.129950
v 0.315363 12.010808 0.088217
v 0.009245 11.659004 0.042936
v -0.125460 -0.022789 0.508841
v -0.189949 -0.066863 -0.022992
v -0.055744 1.657936 0.528142
v -0.315521 3.388660 -0.069276
v -0.204195 3.269169 0.359516
v 0.483571 3.802110 0.581832
v 0.351378 3.624037 0.686389
v -0.066168 3.618344 0.615376
v 0.206489 3.875502 0.580750
v 0.097229 4.945740 0.438014
v 0.285533 4.990919 0.421938
v 0.104349 5.268351 0.406379
v 0.412667 5.176856 0.438275
v 0.170464 5.869421 0.422404
v 0.284209 6.100080 0.511250
v 0.212015 6.075719 0.393516
v -0.071386 6.012114 0.228160
v -0.174632 7.832047 -0.013532
v -0.095300 7.924172 0.157494
v 0.129209 8.176414 0.271162
v 0.291059 8.245631 0.302399
v -0.108380 8.246918 0.139816
v -0.217909 8.272131 -0.075985
v 0.136560 9.173970 0.119254
v 0.771197 9.522141 -3.245255
v 0.699513 9.548139 -3.731533
v 0.809991 9.369689 -3.803282
v 0.070959 9.588432 0.009349
v 0.645358 10.737371 0.049051
v -0.004610 10.629066 -0.116993
v 0.038743 10.912045 -0.042717
v 0.366718 10.770242 0.016964
v -0.146929 11.061545 -0.192175
v -0.197288 12.147919 -0.561252
v -0.209463 12.458616 -0.659050
v 0.192227 12.477353 0.017861
v 0.006856 12.053902 0.009168
v 0.052048 13.251588 -0.285616
v 0.263229 13.141081 -0.103165
v 0.147727 13.638957 -0.303316
v 0.387859 14.123708 -0.295437
v 0.338011 14.631744 -0.333309
v 0.315856 0.592252 0.820151
v 0.273284 0.685408 0.697612
v 0.535615 0.782470 0.692395
v 0.360026 1.138663 0.713556
v 0.179935 2.035815 0.637808
v 0.059261 2.376495 0.577632
v -0.032477 2.103843 0.505411
v -0.023396 2.869477 0.491036
v -0.204432 2.826806 0.316745
v 0.168012 3.130327 0.604920
v 0.478346 3.222934 0.643146
v 0.163458 4.125132 0.552598
v 0.471578 5.743985 0.403280
v 0.170680 5.539602 0.425875
v -0.158304 5.465730 0.188214
v 0.197767 6.415411 0.377878
v 0.358981 6.406250 0.401816
v -0.025842 6.467398 0.224569
v -0.199300 7.075491 -0.095742
v 0.397008 6.912836 0.359580
v 0.467282 7.146463 0.308915
v 0.195505 7.305380 0.325112
v -0.046978 7.109005 0.164048
v 0.293062 7.453652 0.384853
v 0.221974 7.600208 0.313610
v 0.302287 7.842956 0.339725
v 0.354960 8.490171 0.348555
v -0.213282 8.447531 -0.354958
v -0.110764 8.295082 -0.666339
v 0.262146 8.998703 0.158229
v -0.145769 8.870154 -0.075890
v -0.013687 8.560112 0.172114
v 0.389925 8.916532 0.275848
v -0.083199 9.591396 -0.126230
v -0.048119 9.184146 -0.010839
v 0.212592 9.601196 -3.211111
v 0.139839 9.501244 -3.369104
v 0.523621 9.722873 -2.626037
v 0.219947 10.384449 0.026750
v 0.292206 10.549544 -0.014064
v 0.346437 10.418772 0.110014
v 0.254168 10.588363 -1.880824
v 0.332317 10.512193 -1.746620
v 0.087091 10.846711 -1.528515
v 0.164149 10.724685 -1.461420
v 0.024862 11.038859 0.189593
v 0.403451 11.279627 0.347506
v -0.252913 11.403287 -0.567410
v -0.239315 11.153017 -0.563122
v -0.005928 11.167881 0.402223
v -0.092459 11.395591 -0.062254
v -0.269906 11.578405 -0.343926
v -0.117520 12.010912 -0.093600
v -0.187398 11.612576 -0.139849
v 0.378051 11.620504 0.210169
v 0.564262 11.998041 0.054620
v -0.159983 11.983234 -0.201433
v 0.485778 12.694127 0.081652
v 0.524842 12.562200 0.064095
v 0.695590 13.051107 -0.108401
v 0.858194 12.616596 -0.135984
v 0.400142 13.082911 -0.054740
v 0.572001 13.440075 -0.115875
v 0.302363 13.616460 -0.202832
v 0.739377 13.642220 -0.247111
v 0.565120 14.111012 -0.284707
v -0.012094 -0.090096 -0.366368
v -0.172653 0.254986 0.331437
v 0.289418 0.325480 0.712975
v 0.120049 0.708703 0.651649
v 0.185340 0.873617 0.617024
v 0.138388 1.234742 0.637937
v -0.125991 1.061373 0.509016
v -0.235030 1.085089 0.103093
v 0.475965 1.642633 0.650265
v -0.196638 1.572695 0.348946
v -0.243442 1.829577 0.184186
v -0.152452 2.415597 0.424452
v -0.293891 2.928642 0.087145
v 0.272761 2.822453 0.611688
v -0.320236 3.482669 0.129983
v -0.254813 3.728844 0.283569
v -0.294895 3.805918 -0.251746
v -0.282237 4.741720 -0.027776
v 0.060306 4.347042 0.541998
v -0.187431 4.733855 0.208753
v -0.240954 5.652023 -0.183510
v -0.205769 5.758394 0.026581
v -0.228891 6.151426 -0.143974
v -0.199048 6.525013 -0.051167
v -0.140323 7.417111 0.032041
v 0.500244 7.998857 0.252997
v -0.204943 7.724405 -0.252299
v -0.257353 7.911284 -0.033396
v -0.295105 7.844124 -0.561194
v -0.184023 9.125808 -0.382809
v 0.545364 10.045588 0.140675
v 0.280117 9.405606 0.170644
v 0.450499 9.628343 0.123152
v 0.612382 9.222144 -3.373650
v 0.216298 9.146972 -3.546649
v 0.217262 9.343922 -3.460755
v 0.627222 9.443147 -3.038742
v 0.288598 9.428082 -3.098719
v -0.051184 10.137287 -0.093276
v -0.180116 10.054369 -0.327893
v 0.143034 9.668884 -3.047478
v 0.249376 9.928892 -2.650245
v 0.442876 9.939809 -2.481618
v -0.114785 10.402280 -0.223247
v -0.229185 10.302155 -0.479002
v 0.839159 10.337162 -2.126890
v 0.724983 10.303266 -1.915198
v 0.866534 10.567080 -2.010575
v 0.810103 10.460140 -1.713385
v 0.146689 10.007240 -2.981827
v 0.241078 10.164128 -2.778972
v 0.494029 10.425894 -1.816553
v 0.605437 10.258958 -2.079964
v 0.826994 10.664996 -1.874409
v 0.831599 10.583666 -1.508228
v -0.258644 10.617820 -0.391585
v -0.233277 10.722155 -0.424595
v -0.281709 11.026434 -0.676453
v 0.269718 10.676723 -2.079630
v 0.261055 10.489931 -2.294965
v -0.087431 11.137398 -0.004025
v -0.336478 11.542747 -0.893791
v -0.285257 11.649897 -0.723598
v -0.240334 11.831701 -0.521116
v -0.167451 12.345819 -0.318680
v -0.118565 12.780325 -0.634371
v -0.075961 12.797150 -0.317811
v -0.048446 13.446980 -0.463760
v 0.323314 14.472254 -0.201656
v 0.060528 14.695793 -0.551411
v -0.097838 14.985703 -1.229104
v -0.123008 14.663152 -0.827523
v 0.075388 15.098916 -0.675979
v 0.234737 14.876143 -0.420853
v 0.088319 17.412066 -1.524351
v 0.495745 17.568501 -2.250880
v 0.732514 -0.086179 -0.444929
v 0.456969 0.314648 -0.529052
v 0.165969 0.186006 0.685399
v 0.788190 0.369808 -0.354975
v -0.046999 0.481199 -0.334884
v -0.192279 0.292748 -0.009876
v 0.577743 0.817452 -0.503878
v -0.062718 0.340745 0.539625
v -0.215108 0.646779 0.111209
v -0.192596 0.841062 -0.170704
v -0.140499 1.073816 -0.232433
v -0.257470 2.106956 0.010213
v -0.204610 1.760595 -0.154590
v 0.205623 1.965753 -0.471812
v 0.406698 1.984540 -0.524592
v -0.267279 2.475649 0.155589
v -0.150357 2.383743 -0.349177
v -0.045657 2.658803 -0.461281
v -0.234167 2.736416 -0.164135
v 0.571219 2.798276 -0.519215
v 0.113043 2.828525 -0.525922
v -0.280334 3.676793 -0.416964
v -0.238763 3.529572 -0.336737
v -0.062198 3.860992 -0.562615
v -0.324151 3.957653 -0.233651
v -0.320616 4.030326 0.071551
v -0.210624 4.183995 -0.458239
v -0.313742 4.212131 -0.170618
v 0.180001 4.150080 -0.648513
v 0.130145 4.794799 -0.682736
v 0.593864 4.660341 -0.626960
v 0.749029 4.335078 -0.476320
v -0.256730 5.225829 -0.063696
v -0.257060 4.898150 -0.266348
v -0.170113 5.146297 0.177220
v -0.177709 5.978451 -0.461689
v -0.116166 6.786740 -0.587720
v -0.009632 6.532479 -0.736255
v 0.052519 6.882262 -0.782218
v -0.206931 7.246443 -0.382622
v -0.158103 7.716833 -0.523194
v -0.070193 8.759497 -0.812859
v -0.190634 9.463697 -0.407257
v -0.126131 9.399557 -0.742377
v 0.620057 8.988317 -3.662801
v 0.481543 8.957910 -3.797700
v -0.149904 9.900252 -0.773227
v 0.005953 9.735496 -0.961636
v 0.265259 9.221581 -3.925656
v -0.190968 10.295971 -0.903066
v -0.214166 10.047020 -0.616962
v 0.203573 9.705712 -3.354238
v 0.204517 9.452850 -3.672133
v 0.100457 9.799538 -3.148943
v 0.695834 10.310516 -1.911566
v 0.583914 10.078686 -2.369001
v 0.273883 10.092663 -2.458741
v 0.447796 10.021295 -3.413391
v 0.150620 9.934822 -3.205347
v 0.451683 10.961582 0.111556
v 0.321735 10.515696 -1.269531
v 0.266360 10.556229 -1.416606
v 0.024823 10.652931 -1.160190
v 0.107654 11.070259 0.368697
v 0.428179 11.096371 0.291736
v -0.309366 10.657331 -0.733447
v 0.053580 10.694098 -1.278675
v 0.226795 10.959188 -1.940113
v 0.325714 11.070571 -1.669165
v 0.214136 10.834630 -1.743164
v -0.358530 11.180765 -0.754929
v -0.329678 12.067579 -0.779585
v -0.344545 11.983960 -0.943390
v 0.069064 12.679157 -0.086001
v 0.975385 13.097726 -1.262856
v 1.067116 13.020861 -1.072279
v 1.067325 12.621140 -1.046895
v -0.131151 12.699547 -1.112676
v -0.084966 12.849014 -0.896995
v 0.175611 12.904524 -1.301151
v 0.195864 13.295001 -1.341152
v -0.118448 13.375151 -0.873520
v 0.594080 13.272149 -1.454550
v 0.002789 13.978152 -0.475523
v -0.106833 14.113984 -0.842309
v -0.068913 14.242910 -0.614151
v 0.186968 14.394761 -0.415308
v 0.554376 14.421510 -0.340617
v -0.100662 14.213423 -1.066504
v 0.177554 14.273849 -1.485414
v 0.017854 14.688999 -1.450722
v -0.034674 15.404125 -0.971327
v 0.018519 15.973570 -1.135693
v 0.050498 16.278526 -1.135360
v 0.020073 16.681946 -1.316233
v 0.922432 -0.075843 -0.152361
v 0.230016 0.586779 -0.507714
v 0.098896 0.866693 -0.461508
v -0.123857 1.497168 -0.287781
v 0.851360 0.676443 -0.182344
v 0.895516 1.051576 -0.103722
v 0.429127 1.331244 -0.519429
v 0.185162 1.262785 -0.506338
v -0.108107 1.311973 0.497943
v 0.148252 1.697196 -0.470177
v -0.062680 1.840957 -0.358976
v 0.141386 2.265142 -0.498191
v 0.633381 1.812488 -0.453535
v 0.312755 2.482073 -0.536800
v 0.326793 3.804891 -0.665558
v 0.092040 3.845347 -0.633098
v 0.884368 5.322170 -0.372552
v 0.853939 4.474158 -0.315830
v 0.501202 4.064151 -0.527867
v -0.255910 4.539074 -0.335653
v -0.235283 4.291707 0.254691
v -0.082352 4.441840 -0.549162
v -0.107575 4.973007 -0.552244
v 0.402551 5.088325 -0.723737
v -0.177093 5.436740 -0.448190
v 0.331559 5.647039 -0.783717
v 0.727167 5.521232 -0.646940
v -0.061541 5.759634 -0.637048
v 0.037059 6.114869 -0.698274
v 0.302594 6.146532 -0.817570
v 0.615437 6.035252 -0.767515
v -0.198125 6.616907 -0.413656
v 0.143571 6.722380 0.289788
v 0.412102 6.550639 -0.856341
v 0.182348 6.691019 -0.831780
v 0.356604 6.923540 -0.911091
v 0.606083 6.875084 -0.837465
v -0.101387 7.145278 -0.692649
v 0.394785 7.172026 -0.934369
v -0.013512 7.786195 -0.829539
v -0.179460 7.954897 -0.815012
v 0.350386 7.731718 -0.981874
v -0.313926 8.106085 -0.290568
v -0.232236 8.138226 -0.789239
v 0.696198 8.173895 -0.994952
v 0.356413 8.209845 -1.043435
v 0.027343 8.314720 -0.901704
v 0.639941 8.729948 -1.028030
v 0.816537 8.651426 -0.907772
v 0.687953 9.186159 -1.027973
v 0.918843 9.338359 -0.860806
v 0.619614 9.805847 -1.124917
v 0.775547 9.144743 -3.920875
v 0.724299 10.210233 -1.146942
v 0.767072 10.073330 -1.193338
v 0.140595 10.101877 -1.136163
v 0.209001 9.435065 -3.818048
v 0.429860 10.037844 -1.213321
v 0.431807 9.465021 -4.032804
v 0.705980 9.365137 -4.067579
v 0.382613 9.247166 -4.086248
v 0.748913 10.225490 -1.168527
v 0.273895 9.700211 -3.553127
v 0.252508 10.429483 -1.177908
v 0.921741 10.373341 -1.039062
v 1.094309 9.954324 -0.684538
v 0.934398 9.836121 -0.914175
v 0.319716 10.263900 -2.210124
v 0.868763 10.612956 -1.234107
v -0.199076 10.552866 -0.906118
v 0.304343 9.993621 -3.272753
v 0.253555 10.262360 -2.625234
v 0.382377 10.350491 -2.868639
v 0.021473 11.053285 -1.275994
v 0.367273 10.896084 -2.145538
v -0.134608 11.096486 -1.101557
v 0.030875 11.079985 -1.545968
v 0.614916 10.990536 -2.036343
v -0.188074 11.237865 -1.217599
v -0.302272 11.296701 -1.081957
v 0.136685 11.319716 -1.393153
v 0.232741 11.259415 -1.590108
v 0.002103 11.583247 -1.255420
v -0.242808 11.440897 -1.020918
v -0.220133 11.809984 -1.097076
v -0.272116 11.773233 -0.848144
v 0.209887 11.922766 -1.397473
v -0.185151 11.969780 -1.120000
v 0.884658 12.301466 -1.307579
v -0.208893 12.232742 -0.792053
v -0.173088 12.308900 -1.098433
v 0.136192 12.152196 -1.481550
v 0.640925 12.346739 -1.440792
v -0.221313 12.636122 -0.762480
v -0.025878 12.358770 -1.345044
v 0.616212 12.619154 -1.394882
v 0.366618 12.872019 -1.385578
v -0.030281 13.688338 -1.154489
v 0.657503 13.614883 -1.504957
v 0.895421 13.966405 -1.463921
v 0.893986 13.668860 -1.406569
v -0.067749 13.835207 -1.130837
v 0.422854 14.072964 -1.545861
v 0.074150 14.002532 -1.345344
v 0.839603 14.776264 -1.729208
v 0.588828 14.686255 -1.767560
v 1.123268 15.012444 -1.469126
v 1.002265 14.608374 -1.624668
v 0.771773 15.121641 -1.813019
v 0.588500 14.870893 -1.761614
v 0.356658 14.979818 -1.733155
v 0.585066 15.179732 -1.824278
v 0.960704 15.120501 -1.686450
v 0.102529 15.328413 -1.582444
v 0.021664 15.705863 -1.448729
v 0.375037 15.536531 -1.842401
v 0.671157 15.346832 -1.849154
v -0.023506 15.581030 -1.140751
v 0.632230 15.797783 -1.950444
v 0.047763 16.005127 -1.487378
v 0.928104 15.934068 -1.917453
v 1.163050 15.995590 -1.746103
v 1.099045 16.448650 -1.961474
v 0.287510 16.601290 -1.928157
v 0.085342 16.935165 -1.499855
v 0.543769 16.951195 -2.140034
v 0.363855 16.814266 -2.018252
v 0.444479 17.216610 -2.191787
v 0.649309 17.300476 -2.261172
v 0.732217 1.159402 -0.366117
v -0.155289 2.092503 -0.311809
v 0.690289 2.439049 -0.420529
v 0.223420 3.279924 -0.593806
v -0.223417 3.241875 -0.314256
v 0.054578 3.202206 -0.552661
v 0.304993 3.583370 -0.616615
v -0.142743 3.473343 -0.536842
v 0.759109 3.903218 -0.513238
v 0.951402 3.734898 -0.264078
v 0.990788 4.106848 -0.289953
v 0.078438 4.401069 -0.651218
v 0.235786 5.336757 -0.748577
v 0.057147 5.412591 -0.688749
v 0.734667 5.992087 -0.661644
v 0.854716 5.877404 -0.465274
v 0.900942 6.088178 -0.192913
v 0.834787 7.096000 -0.687754
v 0.803866 6.349745 -0.618240
v 0.806995 7.398278 -0.778629
v 0.594712 7.449628 -0.916322
v 0.130474 7.515625 -0.875960
v 0.120819 7.822259 -0.967183
v -0.028026 8.103350 -0.939361
v 0.910085 8.046877 -0.809763
v 0.437318 8.700986 -1.074292
v 0.084340 9.127877 -0.951096
v 0.807745 8.982153 -0.938418
v 0.414589 9.130372 -1.102189
v 0.335839 9.628963 -1.112346
v 0.799914 9.853210 -0.993659
v 0.421338 9.628306 -3.880292
v 0.581786 10.307834 -1.135910
v -0.129265 10.363317 -0.980987
v 0.361416 10.272320 -2.965532
v -0.246444 10.950044 -0.821948
v -0.163761 10.837526 -1.081210
v 0.413187 10.445092 -2.633225
v 0.480579 10.415752 -2.844120
v 0.704513 10.844942 -2.235458
v 0.618168 11.303290 -1.583644
v -0.019360 11.260052 -1.270413
v 0.340165 11.562941 -1.388714
v 0.548046 11.457199 -1.383240
v 1.026751 12.005416 -1.144947
v 0.873309 11.757165 -1.230038
v 1.076199 11.683704 -0.975609
v 0.248895 11.829789 -1.431551
v 0.753228 11.900625 -1.349696
v 0.568734 12.052376 -1.407835
v 0.017089 11.996572 -1.311402
v 0.068302 12.278225 -1.337877
v 0.357183 12.192748 -1.439939
v 0.397209 12.430497 -1.488603
v 0.237487 12.363767 -1.400534
v 0.033364 12.657986 -1.381614
v -0.059595 12.545624 -1.178416
v 0.214405 12.535851 -1.415692
v 0.893375 12.619146 -1.296508
v 0.767946 12.933537 -1.374365
v 0.008780 12.912577 -1.157516
v 0.336797 13.744192 -1.468923
v 0.638277 13.879155 -1.554529
v 0.728670 14.161562 -1.569621
v 1.006159 13.919500 -1.300304
v 1.041182 14.194869 -1.352094
v 1.125553 14.306293 -1.272908
v 0.987396 14.422846 -1.498782
v 0.623318 14.406645 -1.616579
v 0.348708 14.521820 -1.651009
v 0.846410 14.369118 -1.560924
v 1.063692 15.408720 -1.652778
v 0.196828 15.082212 -1.655511
v 0.267091 15.901884 -0.741013
v 0.138894 15.614877 -0.766766
v 0.902912 15.682130 -1.861125
v 0.266247 15.858000 -1.813661
v 0.556976 16.073446 -1.993766
v 1.183479 16.246763 -1.849773
v 0.725683 16.313118 -2.074812
v 0.343534 16.259750 -1.924572
v 0.834182 16.310638 -2.067319
v 0.137658 16.208334 -1.708833
v 0.077713 16.412642 -1.494379
v 0.177670 16.719505 -1.016362
v 0.538698 16.466452 -2.062096
v 0.101771 16.561407 -1.750686
v 0.314108 16.832024 -0.845231
v 1.108676 16.810581 -2.066023
v 0.669479 16.588472 -2.142391
v 0.010430 16.697020 -1.603411
v 0.968880 16.564264 -2.087352
v 0.644432 16.714367 -2.208657
v 0.389480 16.676012 -2.103733
v 0.792826 16.880674 -2.173405
v 0.193405 16.832436 -1.813709
v 0.122648 17.246101 -1.658991
v 1.063275 16.958237 -2.176365
v 1.065397 17.053890 -2.207799
v 1.047574 17.155605 -2.208722
v 0.868727 17.214563 -2.228917
v 0.230222 17.245605 -1.925383
v 0.354963 17.419846 -2.194140
v 0.321757 17.639339 -2.119518
v 0.675334 17.580004 -2.195266
v 0.875676 2.113611 -0.103574
v 0.850152 3.214811 -0.259872
v 0.755179 3.299786 -0.394264
v 0.803709 3.687230 -0.503385
v 0.587409 10.018843 -3.308811
v 0.916394 10.984496 -1.529975
v 0.902516 10.761004 -1.789671
v 0.960918 17.193470 -2.242565
v 0.879901 17.340092 -2.241467
v 0.874313 17.435415 -2.202098
v 0.173871 17.154778 -1.117480
v 0.894113 17.729404 -2.092924
v 0.520905 17.741787 -1.163508
v 0.615568 17.820524 -1.250990
v 0.208671 0.356791 -0.504179
v 0.875926 1.660766 -0.016628
v 0.637458 5.443027 0.317478
v 0.761521 4.228476 0.316747
v 0.572070 9.827724 -3.478921
v 0.446983 9.808642 -3.556624
v 0.713453 10.180252 -2.802570
v 0.576287 10.245440 -2.954890
v 0.633907 11.155239 -1.706757
v 0.823637 11.305622 -1.444977
v 0.818190 11.405850 -1.298541
v 0.806386 17.759220 -1.988237
v 0.723972 0.765049 0.578920
v 0.836953 1.715562 -0.251481
v 0.904137 8.414891 -0.802060
v 0.742365 9.862701 -3.056597
v 0.873973 10.215559 -0.074132
v 1.016338 10.528609 -0.203784
v 0.507194 9.281421 0.199343
v 0.649359 9.698589 0.070561
v 0.828267 8.870034 -0.008710
v 0.611200 11.036277 -1.835422
v 1.065524 11.083341 -1.214610
v 0.945366 11.364080 -1.139009
v 1.102994 13.774723 -1.086753
v 1.124920 13.659397 -0.928320
v 1.131429 13.165174 -0.792755
v 1.188755 15.642392 -1.460076
v 0.526948 14.792349 -0.454725
v 0.473072 15.284758 -0.546762
v 0.574751 15.246836 -0.557642
v 0.889151 0.127485 -0.066837
v 0.851794 0.502707 0.288164
v 0.882693 1.194315 0.209951
v 0.939182 7.820614 -0.635124
v 0.892038 5.699195 -0.205394
v 0.768764 7.299056 0.117979
v 0.546150 7.498152 0.261312
v 0.619531 8.227951 0.153112
v 0.566226 8.576167 0.250153
v 1.070916 9.251556 -0.497331
v 0.986136 8.543185 -0.509052
v 0.672319 9.803230 -3.366388
v 1.114635 11.738764 -0.753109
v 1.017750 14.226141 -0.940655
v 0.746591 14.445068 -0.644645
v 0.838869 14.722224 -0.766286
v 1.004843 14.848898 -0.974517
v 0.554857 15.708135 -0.622911
v 0.946746 15.276114 -0.958720
v 1.099458 17.646149 -2.043350
v 0.697927 17.815847 -1.842016
v 0.545309 17.736000 -2.019960
v 0.901289 3.162386 0.119540
v 0.946926 4.005110 0.082851
v 0.840988 2.266140 0.257067
v 1.019516 8.112224 -0.360258
v 0.906794 7.769240 -0.192875
v 0.871856 8.330276 -0.116905
v 0.905022 8.053282 -0.101752
v 1.164230 10.295700 -0.457340
v 0.731100 10.310920 -2.556589
v 0.855033 10.900387 -0.069756
v 0.562787 11.419497 0.151732
v 0.774963 11.325924 0.022153
v 1.163121 11.223825 -0.838844
v 1.036234 10.837399 -0.992097
v 1.088752 11.208910 -0.982396
v 0.812921 10.905056 -1.881554
v 1.149860 11.764293 -0.457647
v 1.162001 11.487793 -0.644829
v 1.169582 12.256193 -0.831371
v 0.749200 12.279865 -0.032057
v 1.094704 12.563501 -0.482386
v 1.250277 16.669842 -1.834129
v 0.972796 16.425493 -0.896844
v 0.221957 2.536634 0.578977
v -0.132632 0.656893 0.454218
v 0.179378 1.507074 0.644635
v 0.303735 1.812960 0.681860
v 0.663191 2.239753 0.518273
v 0.524726 2.481423 0.607802
v 0.142202 3.336131 0.672913
v 0.008917 3.436201 0.595071
v -0.095871 4.086933 0.372433
v 0.146666 4.654621 0.486876
v 0.525228 4.607700 0.400921
v 0.387826 4.287014 0.564731
v 0.921657 7.228242 -0.422471
v 0.790560 6.465014 0.167046
v 0.716486 6.892981 0.171045
v 0.028195 7.598024 0.237804
v 0.154609 8.718840 0.229895
v 0.701549 8.849505 0.172834
v 0.028588 15.247328 -0.768146
v 0.630027 6.313598 0.299744
v 0.743425 5.744874 0.168771
v 0.801965 5.266291 0.180280
v 0.462259 7.698450 0.356500
v 0.179410 17.478096 -1.887353
v 0.108446 17.493843 -1.324315
v 0.267700 17.539196 -1.676021
v 0.667611 17.305758 -0.936394
v 0.366235 17.681593 -2.035203
v 0.626823 17.803005 -1.647222
v 0.651949 8.407640 0.182470
v 1.249783 16.765457 -1.618164
v 1.208109 17.160814 -1.992640
v 1.192033 17.261755 -1.820181
v 1.215740 17.122597 -2.029158
v 0.280037 17.502861 -1.067979
v 0.306505 17.630693 -1.858369
v 0.302621 17.658897 -1.297670
v 0.915256 6.811776 -0.368119
v 1.085573 15.411509 -1.225239
v 1.143701 10.620346 -0.550455
v 1.137697 9.824170 -0.456893
v 0.935401 17.515392 -1.230873
v 0.967364 12.994266 -0.470545
v 1.105342 11.086895 -0.201721
v 0.991555 17.465178 -1.379590
v 1.227507 17.030121 -1.550908
v 0.517638 14.975178 -0.481237
v 1.141246 15.215563 -1.405255
v 0.588678 9.063174 0.176524
v 0.776708 1.374829 0.433553
v 0.922285 11.844034 -0.107657
v 1.044979 12.007406 -0.236152
v 1.076242 12.421588 -1.090852
v 0.936296 5.366151 -0.030253
v 0.783911 9.541845 -0.032602
v 0.982183 9.619161 -0.307147
v 0.881485 6.506633 -0.039656
v 0.671257 3.553055 0.382502
v 0.891363 13.305428 -0.481084
v 0.923257 2.764592 0.075779
v 0.602294 16.816364 -0.869938
v 1.009850 17.175541 -1.167539
v 0.805582 17.014179 -0.929401
v 0.875751 4.496329 0.152088
v 1.069258 17.294151 -1.317919
v 0.873968 4.667406 -0.353227
v 0.836046 15.020903 -0.783899
v 0.937251 17.699457 -1.532278
v 1.053465 15.024776 -1.253377
v 0.792659 15.560013 -0.821353
v 0.907368 15.821854 -0.892149
v 1.160449 17.513588 -2.037780
v 0.924430 7.595836 -0.391611
v 1.219864 16.292812 -1.572482
v 1.187142 16.167627 -1.432430
v 0.947334 6.516749 -0.303704
v 0.278121 17.214035 -0.986803
v 0.870735 3.810799 0.111541
v 0.957845 3.653655 0.056539
v 0.706514 16.169697 -0.734229
v 0.920585 16.100784 -0.864659
v 0.944456 3.377562 -0.102705
v 1.109307 10.320443 -0.734086
v 0.524115 16.244806 -0.720717
v 0.964258 16.706469 -0.903598
v 0.856388 13.822790 -0.505129
v 0.897582 11.333471 -0.078692
v 0.265270 16.221275 -0.776587
v 1.071071 16.023645 -1.207960
v 1.020204 10.526463 -1.034106
v 0.814030 9.868315 -0.002135
v 0.885533 7.017329 -0.121936
v 1.108974 11.349098 -0.224197
v 1.182373 11.094380 -0.358486
v 0.597189 15.448772 -0.604510
v 1.159354 17.440441 -1.992095
v 0.995518 15.604847 -1.029180
v 0.378510 16.557085 -0.787524
v 0.648415 16.527853 -0.809583
v 1.114105 12.875704 -0.651535
v 0.817661 9.158785 -0.025070
v 0.718778 5.937613 0.231378
v 0.804826 17.750061 -1.247283
v 1.000109 14.467815 -0.898320
v 0.858735 13.104361 -0.376261
v 0.865632 14.042396 -0.601273
v 1.008577 13.410820 -0.646316
v 0.472596 17.149319 -0.888112
v 1.009799 12.269146 -0.307256
v 1.085755 16.964075 -1.204281
v 1.133639 17.373928 -1.679206
v 1.124204 16.466782 -1.262982
v 1.015005 17.672812 -1.789969
v 1.156736 17.008902 -2.126040
v 0.555914 17.545681 -0.988964
v 0.543306 17.825008 -1.537591
v 0.666372 17.829157 -1.430309
v 0.452710 17.729485 -1.698213
v 1.208066 17.099159 -2.079664
v 1.207370 17.233639 -2.037654
v 0.921614 17.376587 -2.212166
v 0.495654 -0.002401 0.624116
v 0.230451 -0.003418 0.745102
v 0.820288 -0.039533 0.293009
v 0.426189 -0.105156 -0.564807
vt 0.000000 0.000000
vt 0.000000 0.000000
vt 0.000000 0.000000
vt 0.000000 0.000000
vt 0.525413 0.580667
vt 0.513070 0.569042
vt 0.523462 0.563889
vt 0.411854 0.874958
vt 0.426793 0.862756
vt 0.433234 0.869525
vt 0.505609 0.555213
vt 0.518017 0.550047
vt 0.073987 0.595035
vt 0.062091 0.597727
vt 0.073995 0.580482
vt 0.387324 0.881525
vt 0.399984 0.875099
vt 0.066171 0.368944
vt 0.075420 0.381948
vt 0.067676 0.380012
vt 0.079156 0.499900
vt 0.063360 0.516675
vt 0.070172 0.494702
vt 0.057084 0.501229
vt 0.045445 0.503043
vt 0.055437 0.610374
vt 0.065658 0.621748
vt 0.046884 0.626671
vt 0.085431 0.623752
vt 0.070107 0.635004
vt 0.360586 0.875732
vt 0.382845 0.871756
vt 0.865743 0.937119
vt 0.871389 0.933914
vt 0.867003 0.942027
vt 0.051466 0.150889
vt 0.046167 0.170711
vt 0.040055 0.157309
vt 0.763309 0.928642
vt 0.770090 0.922111
vt 0.782702 0.927296
vt 0.069326 0.218344
vt 0.059187 0.225906
vt 0.056731 0.216405
vt 0.058873 0.272304
vt 0.045584 0.269925
vt 0.061137 0.258044
vt 0.699183 0.911469
vt 0.711187 0.917898
vt 0.687149 0.921693
vt 0.686619 0.911734
vt 0.653073 0.907677
vt 0.659411 0.917927
vt 0.635903 0.912318
vt 0.624850 0.916952
vt 0.621046 0.905856
vt 0.052095 0.532790
vt 0.076570 0.606005
vt 0.080583 0.613516
vt 0.475611 0.897471
vt 0.455703 0.897715
vt 0.470481 0.893185
vt 0.079458 0.646021
vt 0.075189 0.667307
vt 0.084740 0.655817
vt 0.087688 0.665038
vt 0.068958 0.693651
vt 0.062997 0.674532
vt 0.076023 0.675505
vt 0.076453 0.694773
vt 0.327541 0.900143
vt 0.326337 0.883094
vt 0.351081 0.884531
vt 0.366214 0.486273
vt 0.373170 0.509556
vt 0.353093 0.495197
vt 0.065736 0.727965
vt 0.076741 0.749298
vt 0.065233 0.757898
vt 0.042040 0.038309
vt 0.049837 0.050621
vt 0.051065 0.069944
vt 0.056068 0.063399
vt 0.028590 0.093144
vt 0.009905 0.099955
vt 0.024138 0.069683
vt 0.051593 0.231487
vt 0.030357 0.224926
vt 0.027890 0.197426
vt 0.079195 0.474625
vt 0.073132 0.463389
vt 0.076240 0.454137
vt 0.042928 0.483853
vt 0.027974 0.483445
vt 0.036232 0.471414
vt 0.045703 0.476618
vt 0.056179 0.483597
vt 0.038758 0.511985
vt 0.043032 0.544331
vt 0.486233 0.891257
vt 0.492263 0.905725
vt 0.504240 0.895565
vt 0.512389 0.904947
vt 0.498476 0.897400
vt 0.252237 0.544918
vt 0.251743 0.529208
vt 0.261685 0.531032
vt 0.225245 0.564690
vt 0.237211 0.543204
vt 0.239030 0.558487
vt 0.049297 0.593080
vt 0.055691 0.570121
vt 0.224921 0.539075
vt 0.212120 0.555265
vt 0.041802 0.571966
vt 0.038418 0.590022
vt 0.023250 0.724536
vt 0.011576 0.722862
vt 0.012059 0.716614
vt 0.014860 0.733567
vt 0.003711 0.722214
vt 0.019850 0.731161
vt 0.068895 0.650218
vt 0.049403 0.682133
vt 0.061884 0.692401
vt 0.051014 0.695314
vt 0.061016 0.708933
vt 0.048722 0.707821
vt 0.060134 0.812341
vt 0.055150 0.782735
vt 0.065625 0.794080
vt 0.074296 0.813657
vt 0.074118 0.828533
vt 0.872281 0.533373
vt 0.884998 0.538750
vt 0.866270 0.546219
vt 0.856195 0.540286
vt 0.931053 0.822960
vt 0.951098 0.811585
vt 0.962630 0.829740
vt 0.937851 0.830221
vt 0.011736 0.158215
vt 0.007405 0.140655
vt 0.016928 0.141380
vt 0.017623 0.180033
vt 0.031929 0.174091
vt 0.809767 0.846376
vt 0.794026 0.828826
vt 0.824226 0.834366
vt 0.788052 0.842402
vt 0.055224 0.283562
vt 0.733009 0.538006
vt 0.723932 0.538196
vt 0.734783 0.527222
vt 0.601505 0.831703
vt 0.612735 0.820517
vt 0.610341 0.841742
vt 0.030564 0.445701
vt 0.039020 0.437991
vt 0.034056 0.493338
vt 0.521437 0.897749
vt 0.263457 0.541246
vt 0.753096 0.894753
vt 0.744103 0.894084
vt 0.748828 0.886652
vt 0.438638 0.665217
vt 0.457480 0.675122
vt 0.441188 0.675357
vt 0.735202 0.863938
vt 0.740075 0.862409
vt 0.744044 0.867232
vt 0.421215 0.708730
vt 0.431188 0.691032
vt 0.429653 0.702798
vt 0.043260 0.606220
vt 0.032232 0.599864
vt 0.199151 0.590040
vt 0.197990 0.581974
vt 0.207088 0.577416
vt 0.417679 0.720834
vt 0.408432 0.703226
vt 0.414329 0.696154
vt 0.006807 0.789145
vt 0.015039 0.785773
vt 0.013326 0.788910
vt 0.190016 0.581921
vt 0.193101 0.571192
vt 0.219394 0.536010
vt 0.209601 0.543136
vt 0.213344 0.539022
vt 0.034890 0.796047
vt 0.016521 0.796040
vt 0.025162 0.793657
vt 0.093518 0.632253
vt 0.407288 0.781675
vt 0.401268 0.801400
vt 0.404030 0.784662
vt 0.424340 0.894531
vt 0.442392 0.886856
vt 0.457928 0.906724
vt 0.441066 0.875117
vt 0.432517 0.880294
vt 0.043413 0.646221
vt 0.059888 0.645857
vt 0.388249 0.772581
vt 0.395513 0.782515
vt 0.384360 0.789147
vt 0.378300 0.782831
vt 0.247367 0.565555
vt 0.245714 0.558533
vt 0.255994 0.552435
vt 0.052767 0.671356
vt 0.068108 0.661968
vt 0.031807 0.655035
vt 0.033646 0.649121
vt 0.044512 0.660801
vt 0.055272 0.725001
vt 0.388248 0.489461
vt 0.390059 0.480381
vt 0.414434 0.481156
vt 0.052378 0.746352
vt 0.051715 0.770729
vt 0.073003 0.779652
vt 0.082795 0.798498
vt 0.092007 0.787898
vt 0.092209 0.803367
vt 0.241778 0.889825
vt 0.227920 0.878312
vt 0.240371 0.874315
vt 0.049868 0.790704
vt 0.885695 0.530420
vt 0.001684 0.092559
vt 0.005095 0.099699
vt 0.007923 0.072662
vt 0.926113 0.803466
vt 0.916690 0.821309
vt 0.862561 0.524126
vt 0.847704 0.519328
vt 0.859112 0.822790
vt 0.841316 0.822831
vt 0.846681 0.807074
vt 0.816759 0.540173
vt 0.826858 0.533443
vt 0.835978 0.541763
vt 0.798517 0.538639
vt 0.795225 0.532789
vt 0.808565 0.527772
vt 0.763691 0.836747
vt 0.777998 0.831058
vt 0.781859 0.819488
vt 0.770806 0.829016
vt 0.014690 0.258962
vt 0.012482 0.242934
vt 0.020693 0.269378
vt 0.744204 0.537598
vt 0.758584 0.538814
vt 0.749253 0.540624
vt 0.717475 0.507499
vt 0.709680 0.518286
vt 0.717519 0.532479
vt 0.697488 0.532603
vt 0.689093 0.524981
vt 0.668201 0.530928
vt 0.660300 0.522283
vt 0.594140 0.820681
vt 0.590711 0.805379
vt 0.604078 0.811111
vt 0.031499 0.467572
vt 0.547651 0.822394
vt 0.543962 0.842708
vt 0.537455 0.828577
vt 0.530271 0.819970
vt 0.589340 0.519004
vt 0.594091 0.509710
vt 0.611615 0.519356
vt 0.566145 0.525710
vt 0.568326 0.514453
vt 0.584053 0.526393
vt 0.477867 0.805805
vt 0.478053 0.820914
vt 0.453607 0.810745
vt 0.059584 0.547429
vt 0.466775 0.837157
vt 0.447679 0.824011
vt 0.440188 0.696114
vt 0.447490 0.693498
vt 0.243662 0.532011
vt 0.584068 0.656283
vt 0.596754 0.651013
vt 0.594286 0.660688
vt 0.212280 0.567564
vt 0.418889 0.695936
vt 0.045410 0.621964
vt 0.202093 0.563862
vt 0.407340 0.807748
vt 0.410426 0.794584
vt 0.421661 0.798982
vt 0.407208 0.791033
vt 0.202950 0.551831
vt 0.377052 0.815919
vt 0.394991 0.813061
vt 0.387353 0.830430
vt 0.384236 0.802364
vt 0.390677 0.803756
vt 0.374167 0.828903
vt 0.075489 0.666972
vt 0.376153 0.791212
vt 0.372835 0.805036
vt 0.039046 0.670801
vt 0.036914 0.675743
vt 0.325273 0.849373
vt 0.313671 0.835127
vt 0.330353 0.835076
vt 0.046332 0.717322
vt 0.040770 0.705580
vt 0.296546 0.835903
vt 0.303034 0.852469
vt 0.293884 0.844031
vt 0.266843 0.844624
vt 0.288515 0.831264
vt 0.243794 0.838001
vt 0.252624 0.834986
vt 0.340481 0.508790
vt 0.338613 0.496386
vt 0.285758 0.513866
vt 0.267791 0.507711
vt 0.290736 0.502871
vt 0.154843 0.829764
vt 0.169882 0.821915
vt 0.187780 0.837903
vt 0.236785 0.519541
vt 0.251809 0.510851
vt 0.262667 0.515107
vt 0.218565 0.484918
vt 0.214964 0.501101
vt 0.182990 0.492877
vt 0.164151 0.613988
vt 0.139293 0.604177
vt 0.159589 0.606918
vt 0.848193 0.530718
vt 0.871648 0.815217
vt 0.876992 0.805668
vt 0.894254 0.819583
vt 0.902725 0.800854
vt 0.878750 0.829544
vt 0.831109 0.800577
vt 0.858785 0.796668
vt 0.826143 0.816949
vt 0.790286 0.805343
vt 0.803396 0.800420
vt 0.816381 0.809262
vt 0.795700 0.813460
vt 0.777061 0.540621
vt 0.764350 0.536736
vt 0.767838 0.802899
vt 0.758338 0.809254
vt 0.758733 0.817357
vt 0.753124 0.527823
vt 0.761051 0.523841
vt 0.016008 0.281632
vt 0.012025 0.266249
vt 0.771806 0.509257
vt 0.760716 0.510406
vt 0.727135 0.812513
vt 0.742075 0.827062
vt 0.727553 0.821499
vt 0.750069 0.519718
vt 0.034427 0.284511
vt 0.016301 0.299000
vt 0.024637 0.310380
vt 0.698315 0.824747
vt 0.673243 0.814765
vt 0.676733 0.808763
vt 0.674198 0.832172
vt 0.657042 0.822809
vt 0.701153 0.536323
vt 0.654324 0.808795
vt 0.635857 0.818319
vt 0.633094 0.807382
vt 0.693068 0.516408
vt 0.680821 0.511337
vt 0.697401 0.507401
vt 0.682289 0.532758
vt 0.028171 0.413435
vt 0.031017 0.385176
vt 0.037741 0.408432
vt 0.612320 0.804971
vt 0.580219 0.826946
vt 0.578222 0.843442
vt 0.644557 0.530484
vt 0.638364 0.522091
vt 0.654239 0.512717
vt 0.554106 0.839969
vt 0.561822 0.815836
vt 0.580236 0.804424
vt 0.543781 0.806121
vt 0.545051 0.813215
vt 0.620408 0.506844
vt 0.620649 0.530884
vt 0.602476 0.529219
vt 0.528679 0.807318
vt 0.518745 0.820672
vt 0.502263 0.805461
vt 0.515994 0.848546
vt 0.488050 0.850436
vt 0.495649 0.829925
vt 0.746407 0.868145
vt 0.751356 0.871184
vt 0.753476 0.873359
vt 0.448041 0.663070
vt 0.442740 0.662409
vt 0.439409 0.835445
vt 0.541691 0.507135
vt 0.542906 0.516204
vt 0.533297 0.513748
vt 0.036474 0.575709
vt 0.235310 0.531489
vt 0.447063 0.801619
vt 0.433927 0.805177
vt 0.435551 0.796352
vt 0.231244 0.532573
vt 0.229865 0.538252
vt 0.427658 0.815553
vt 0.428372 0.668460
vt 0.425518 0.724431
vt 0.428573 0.714622
vt 0.424448 0.803315
vt 0.171296 0.556518
vt 0.170323 0.549051
vt 0.178367 0.553058
vt 0.410955 0.719596
vt 0.409131 0.711554
vt 0.413415 0.812217
vt 0.098658 0.847998
vt 0.088647 0.855411
vt 0.095091 0.842813
vt 0.411383 0.830427
vt 0.403822 0.837144
vt 0.398547 0.819882
vt 0.185030 0.580384
vt 0.175648 0.578395
vt 0.383492 0.843441
vt 0.392737 0.731819
vt 0.405019 0.737767
vt 0.395016 0.741765
vt 0.398966 0.844454
vt 0.366537 0.819269
vt 0.358240 0.837304
vt 0.363052 0.836369
vt 0.370906 0.846871
vt 0.349524 0.821117
vt 0.338804 0.834654
vt 0.341761 0.811513
vt 0.355481 0.805062
vt 0.436328 0.516597
vt 0.427683 0.500778
vt 0.446734 0.509444
vt 0.335127 0.809602
vt 0.331678 0.845763
vt 0.441915 0.528003
vt 0.426201 0.525210
vt 0.330740 0.821748
vt 0.323780 0.810902
vt 0.445456 0.490486
vt 0.424863 0.484799
vt 0.423797 0.532155
vt 0.433943 0.528418
vt 0.317733 0.818796
vt 0.311538 0.821714
vt 0.298371 0.820366
vt 0.305131 0.828929
vt 0.411692 0.497590
vt 0.305645 0.814235
vt 0.392836 0.502734
vt 0.290282 0.820040
vt 0.270167 0.819996
vt 0.386586 0.517435
vt 0.290698 0.812670
vt 0.049783 0.728178
vt 0.355030 0.508431
vt 0.356108 0.515533
vt 0.345658 0.514797
vt 0.251678 0.813653
vt 0.251008 0.802920
vt 0.257882 0.804478
vt 0.236129 0.825965
vt 0.327009 0.513210
vt 0.323385 0.504868
vt 0.309671 0.509085
vt 0.298394 0.518450
vt 0.226303 0.840461
vt 0.201634 0.825749
vt 0.311366 0.491336
vt 0.325413 0.483978
vt 0.312786 0.500064
vt 0.301655 0.494638
vt 0.237342 0.809222
vt 0.222807 0.818084
vt 0.212525 0.807595
vt 0.279098 0.480973
vt 0.049120 0.808641
vt 0.209494 0.798241
vt 0.270338 0.494882
vt 0.182915 0.815041
vt 0.181115 0.803514
vt 0.189636 0.807502
vt 0.058605 0.846839
vt 0.062843 0.840367
vt 0.074162 0.850165
vt 0.233918 0.500424
vt 0.254042 0.485390
vt 0.145942 0.808960
vt 0.156378 0.796322
vt 0.162989 0.803670
vt 0.224267 0.513620
vt 0.204337 0.516871
vt 0.125661 0.804522
vt 0.140297 0.795604
vt 0.130265 0.818485
vt 0.120460 0.794185
vt 0.133807 0.794545
vt 0.136270 0.649706
vt 0.161292 0.650297
vt 0.155001 0.655339
vt 0.195680 0.655852
vt 0.110728 0.806931
vt 0.105974 0.828008
vt 0.124126 0.830265
vt 0.115320 0.839900
vt 0.171132 0.519775
vt 0.164518 0.522669
vt 0.168407 0.516586
vt 0.728505 0.895541
vt 0.731774 0.898718
vt 0.726613 0.900702
vt 0.237514 0.585281
vt 0.244476 0.583002
vt 0.243233 0.589853
vt 0.152074 0.630445
vt 0.134545 0.620998
vt 0.501807 0.985399
vt 0.519191 0.985007
vt 0.519073 0.993269
vt 0.145924 0.516803
vt 0.126704 0.509036
vt 0.150531 0.512033
vt 0.485238 0.992322
vt 0.513051 0.995809
vt 0.124987 0.524843
vt 0.118665 0.518552
vt 0.476615 0.983483
vt 0.457463 0.985660
vt 0.130138 0.585091
vt 0.140876 0.591397
vt 0.123711 0.605674
vt 0.100298 0.519242
vt 0.101434 0.514189
vt 0.861770 0.804898
vt 0.828739 0.520448
vt 0.782862 0.521872
vt 0.772329 0.521832
vt 0.582280 0.634845
vt 0.598032 0.636694
vt 0.006487 0.743828
vt 0.013290 0.735987
vt 0.315022 0.811181
vt 0.309900 0.809359
vt 0.314142 0.804794
vt 0.119611 0.790137
vt 0.126036 0.789704
vt 0.129501 0.505695
vt 0.147482 0.501482
vt 0.101953 0.504439
vt 0.110890 0.505478
vt 0.464995 0.995427
vt 0.450624 0.993915
vt 0.953911 0.794363
vt 0.983313 0.805453
vt 0.950397 0.786949
vt 0.939188 0.792998
vt 0.725365 0.877642
vt 0.480322 0.516604
vt 0.496168 0.519307
vt 0.484802 0.533532
vt 0.174523 0.502784
vt 0.121383 0.509176
vt 0.868336 0.951981
vt 0.838053 0.938788
vt 0.834574 0.522075
vt 0.604692 0.503749
vt 0.733895 0.886954
vt 0.730896 0.891951
vt 0.549434 0.930181
vt 0.530832 0.943566
vt 0.534909 0.928744
vt 0.523547 0.593283
vt 0.540277 0.587796
vt 0.492051 0.500954
vt 0.510234 0.509898
vt 0.470798 0.509312
vt 0.475663 0.496414
vt 0.456725 0.498984
vt 0.460672 0.486338
vt 0.281636 0.944381
vt 0.311537 0.942756
vt 0.314666 0.951300
vt 0.075310 0.878890
vt 0.117374 0.880688
vt 0.094190 0.882395
vt 0.876494 0.522072
vt 0.620328 0.933366
vt 0.611450 0.918700
vt 0.567564 0.498346
vt 0.567832 0.482331
vt 0.553286 0.615725
vt 0.566979 0.615178
vt 0.565525 0.625144
vt 0.350929 0.569399
vt 0.348602 0.561902
vt 0.359590 0.570473
vt 0.552023 0.623825
vt 0.538506 0.598016
vt 0.548874 0.595327
vt 0.292207 0.949781
vt 0.247324 0.936879
vt 0.235503 0.951789
vt 0.232003 0.933008
vt 0.236023 0.912391
vt 0.259838 0.917346
vt 0.321591 0.603888
vt 0.345799 0.602575
vt 0.325759 0.632680
vt 0.868791 0.978780
vt 0.884458 0.966929
vt 0.873591 0.981819
vt 0.582505 0.959317
vt 0.575388 0.953038
vt 0.593887 0.948086
vt 0.585285 0.941506
vt 0.604422 0.910676
vt 0.580374 0.509549
vt 0.534033 0.574445
vt 0.722956 0.871720
vt 0.470081 0.480195
vt 0.484416 0.488172
vt 0.501924 0.537232
vt 0.409502 0.950363
vt 0.395864 0.942146
vt 0.423256 0.932960
vt 0.021853 0.027746
vt 0.027067 0.049804
vt 0.014166 0.047194
vt 0.888589 0.946243
vt 0.867367 0.968709
vt 0.057927 0.054630
vt 0.030897 0.107780
vt 0.047143 0.105146
vt 0.035666 0.127785
vt 0.050293 0.120500
vt 0.062443 0.126830
vt 0.058679 0.136036
vt 0.054873 0.180772
vt 0.845554 0.955308
vt 0.813298 0.958200
vt 0.818073 0.948680
vt 0.810069 0.936636
vt 0.817588 0.927745
vt 0.831147 0.932324
vt 0.058799 0.195043
vt 0.031248 0.252026
vt 0.048615 0.241767
vt 0.727440 0.933677
vt 0.726768 0.915000
vt 0.736869 0.912385
vt 0.740838 0.922406
vt 0.059252 0.301400
vt 0.039592 0.331078
vt 0.058745 0.336814
vt 0.040478 0.349353
vt 0.062703 0.353206
vt 0.051041 0.381488
vt 0.073910 0.426168
vt 0.069549 0.446772
vt 0.065684 0.416684
vt 0.053053 0.403348
vt 0.053487 0.439108
vt 0.062006 0.464940
vt 0.048635 0.458890
vt 0.084798 0.504021
vt 0.072126 0.522065
vt 0.067437 0.567860
vt 0.070238 0.546405
vt 0.094057 0.655385
vt 0.020072 0.712420
vt 0.021866 0.720755
vt 0.018718 0.717081
vt 0.398164 0.918212
vt 0.427841 0.910007
vt 0.426278 0.919946
vt 0.038203 0.689991
vt 0.359333 0.887692
vt 0.390864 0.893894
vt 0.079369 0.722804
vt 0.079714 0.764933
vt 0.085171 0.742404
vt 0.305140 0.889235
vt 0.261088 0.881284
vt 0.291271 0.880618
vt 0.261606 0.891257
vt 0.087079 0.810806
vt 0.161885 0.842235
vt 0.176807 0.846164
vt 0.004602 0.054044
vt 0.983586 0.820451
vt 0.663284 0.928659
vt 0.655494 0.936959
vt 0.077876 0.363847
vt 0.674872 0.958106
vt 0.662704 0.954274
vt 0.683376 0.939185
vt 0.698714 0.930630
vt 0.703556 0.945960
vt 0.613282 0.905542
vt 0.430446 0.682939
vt 0.422077 0.677942
vt 0.395870 0.761763
vt 0.402225 0.746250
vt 0.522359 0.586203
vt 0.364637 0.809977
vt 0.084547 0.673235
vt 0.373357 0.626867
vt 0.373078 0.634061
vt 0.366245 0.635117
vt 0.464009 0.522028
vt 0.474884 0.527837
vt 0.044481 0.695362
vt 0.069820 0.835709
vt 0.172969 0.621647
vt 0.111537 0.819272
vt 0.102953 0.807639
vt 0.017719 0.207041
vt 0.563817 0.911972
vt 0.552263 0.918399
vt 0.547827 0.902902
vt 0.604595 0.643245
vt 0.493823 0.549502
vt 0.503683 0.565757
vt 0.495628 0.562803
vt 0.490802 0.542125
vt 0.482272 0.542652
vt 0.414677 0.868830
vt 0.418476 0.862738
vt 0.147909 0.843630
vt 0.066210 0.857056
vt 0.061235 0.855975
vt 0.133310 0.843830
vt 0.159199 0.641919
vt 0.133632 0.637191
vt 0.071279 0.956729
vt 0.049483 0.965842
vt 0.051498 0.951231
vt 0.115597 0.587369
vt 0.114157 0.610260
vt 0.114102 0.630554
vt 0.104205 0.618920
vt 0.298804 0.621528
vt 0.111786 0.588559
vt 0.289655 0.597288
vt 0.305047 0.595347
vt 0.271322 0.947760
vt 0.245144 0.474981
vt 0.260569 0.479918
vt 0.509357 0.912196
vt 0.532622 0.905242
vt 0.541773 0.913463
vt 0.797873 0.927715
vt 0.433439 0.471778
vt 0.438669 0.933890
vt 0.435803 0.944297
vt 0.454555 0.952041
vt 0.417986 0.958903
vt 0.818741 0.515151
vt 0.786292 0.513459
vt 0.570432 0.941646
vt 0.577518 0.921400
vt 0.696461 0.956352
vt 0.688718 0.963112
vt 0.770207 0.942830
vt 0.522198 0.954378
vt 0.551596 0.954857
vt 0.769104 0.967968
vt 0.766271 0.967509
vt 0.780155 0.960972
vt 0.793832 0.964110
vt 0.045037 0.923290
vt 0.058978 0.903346
vt 0.080724 0.913761
vt 0.637388 0.932584
vt 0.541076 0.486642
vt 0.544580 0.499426
vt 0.522348 0.500886
vt 0.154338 0.891718
vt 0.162837 0.910654
vt 0.142991 0.917193
vt 0.007513 0.945203
vt 0.015161 0.963409
vt 0.008308 0.960627
vt 0.353727 0.909333
vt 0.353327 0.934253
vt 0.328078 0.923215
vt 0.497621 0.951224
vt 0.508043 0.941825
vt 0.021508 0.889132
vt 0.028900 0.880129
vt 0.047242 0.879796
vt 0.110117 0.949390
vt 0.125690 0.936219
vt 0.148900 0.954052
vt 0.730805 0.954742
vt 0.474230 0.950350
vt 0.465590 0.958516
vt 0.499708 0.923807
vt 0.708050 0.923489
vt 0.514144 0.925875
vt 0.745419 0.512307
vt 0.125397 0.652723
vt 0.761249 0.961690
vt 0.757783 0.956284
vt 0.184902 0.893174
vt 0.198685 0.916423
vt 0.178462 0.925860
vt 0.165243 0.941767
vt 0.175304 0.952138
vt 0.481787 0.927415
vt 0.374287 0.905133
vt 0.807190 0.969531
vt 0.643453 0.957047
vt 0.650184 0.947104
vt 0.628830 0.957325
vt 0.004928 0.912339
vt 0.003579 0.903484
vt 0.595023 0.493218
vt 0.338543 0.951587
vt 0.365987 0.938097
vt 0.363576 0.952936
vt 0.074660 0.893718
vt 0.096425 0.894727
vt 0.849432 0.977776
vt 0.870115 0.523808
vt 0.416370 0.884879
vt 0.590556 0.912053
vt 0.206238 0.932862
vt 0.217724 0.916062
vt 0.467005 0.933651
vt 0.826526 0.968033
vt 0.822772 0.974511
vt 0.610075 0.955502
vt 0.020674 0.917451
vt 0.035264 0.932771
vt 0.021625 0.929709
vt 0.735383 0.970265
vt 0.748379 0.959167
vt 0.846367 0.966205
vt 0.662695 0.497210
vt 0.672304 0.910061
vt 0.533038 0.558665
vt 0.541055 0.570442
vt 0.101631 0.957588
vt 0.128363 0.961437
vt 0.108529 0.964798
vt 0.380610 0.938321
vt 0.374631 0.922485
vt 0.388059 0.927322
vt 0.840878 0.975581
vt 0.744991 0.916214
vt 0.678280 0.936318
vt 0.880832 0.546934
vt 0.740863 0.910885
vt 0.734237 0.901415
vt 0.392019 0.951374
vt 0.390502 0.957112
vt 0.273641 0.915493
vt 0.300716 0.931757
vt 0.432886 0.960667
vt 0.642841 0.512403
vt 0.647780 0.500359
vt 0.333205 0.940269
vt 0.033124 0.802721
vt 0.738296 0.509703
vt 0.677471 0.502351
vt 0.686460 0.505139
vt 0.058535 0.098293
vt 0.626637 0.946798
vt 0.720025 0.964551
vt 0.513301 0.522085
vt 0.515963 0.498198
vt 0.526030 0.484482
vt 0.435692 0.960360
vt 0.448876 0.961700
vt 0.171418 0.894553
vt 0.357122 0.606918
vt 0.353064 0.639638
vt 0.746391 0.944489
vt 0.038389 0.810067
vt 0.046259 0.831925
vt 0.030579 0.820355
vt 0.189202 0.956074
vt 0.107128 0.651611
vt 0.455429 0.526524
vt 0.470439 0.540270
vt 0.460689 0.530079
vt 0.317462 0.647734
vt 0.138358 0.880046
vt 0.117870 0.887453
vt 0.102905 0.916099
vt 0.093230 0.938355
vt 0.060608 0.930663
vt 0.662699 0.961608
vt 0.243935 0.948759
vt 0.502938 0.501758
vt 0.749048 0.970709
vt 0.634192 0.960653
vt 0.045612 0.082759
vt 0.320549 0.877675
vt 0.291148 0.901347
vt 0.082669 0.774475
vt 0.347122 0.956098
vt 0.097277 0.618982
vt 0.233901 0.585804
vt 0.231441 0.583724
vt 0.236778 0.572166
vt 0.084891 0.499329
vt 0.026568 0.337976
vt 0.025943 0.360933
vt 0.019841 0.326028
vt 0.673287 0.962212
vt 0.447350 0.919232
vt 0.597757 0.954144
vt 0.022303 0.124965
vt 0.067677 0.401113
vt 0.401121 0.724958
vt 0.407615 0.728056
vt 0.627456 0.501173
vt 0.274378 0.631659
vt 0.264647 0.641721
vt 0.272601 0.630023
vt 0.486432 0.956553
vt 0.713015 0.964488
vt 0.191040 0.945935
vt 0.367005 0.826026
vt 0.106557 0.644887
vt 0.071575 0.239968
vt 0.529688 0.546863
vt 0.656858 0.530382
vt 0.542400 0.525155
vt 0.535737 0.522985
vt 0.550070 0.901340
vt 0.538117 0.900055
vt 0.552584 0.895862
vt 0.038178 0.846745
vt 0.028832 0.852128
vt 0.033429 0.833965
vt 0.150788 0.880488
vt 0.166716 0.877967
vt 0.183830 0.885488
vt 0.536671 0.605807
vt 0.084170 0.852141
vt 0.092924 0.839672
vt 0.086554 0.647174
vt 0.201840 0.798595
vt 0.339764 0.483467
vt 0.354448 0.473630
vt 0.323810 0.569052
vt 0.058236 0.319008
vt 0.896165 0.794025
vt 0.911788 0.790056
vt 0.034511 0.639125
vt 0.037982 0.639768
vt 0.526530 0.514979
vt 0.755114 0.917514
vt 0.190275 0.878475
vt 0.019870 0.237791
vt 0.710620 0.912172
vt 0.214629 0.655208
vt 0.211037 0.651320
vt 0.202624 0.889723
vt 0.209420 0.876731
vt 0.427386 0.795198
vt 0.124719 0.916084
vt 0.121777 0.897462
vt 0.755896 0.840524
vt 0.192699 0.847595
vt 0.343055 0.875272
vt 0.509500 0.540204
vt 0.514773 0.539989
vt 0.373492 0.516683
vt 0.079535 0.555256
vt 0.042550 0.200318
vt 0.705831 0.810749
vt 0.530721 0.896471
vt 0.078670 0.443541
vt 0.161674 0.494586
vt 0.171934 0.478898
vt 0.292551 0.513715
vt 0.461480 0.896816
vt 0.036285 0.365403
vt 0.562556 0.961101
vt 0.488555 0.549823
vt 0.877136 0.936299
vt 0.886935 0.937356
vt 0.256941 0.950953
vt 0.745883 0.912283
vt 0.757182 0.900644
vt 0.036321 0.858704
vt 0.031951 0.140832
vt 0.644191 0.835265
vt 0.119205 0.844909
vt 0.039218 0.894910
vt 0.123899 0.625994
vt 0.416706 0.965961
vt 0.419648 0.961769
vt 0.039743 0.967633
vt 0.034094 0.959034
vt 0.185073 0.647245
vt 0.196978 0.650507
vt 0.102469 0.601835
vt 0.187622 0.566399
vt 0.170760 0.577194
vt 0.760889 0.801235
vt 0.258995 0.876510
vt 0.563227 0.805634
vt 0.741389 0.841967
vt 0.723309 0.835930
vt 0.013789 0.198786
vt 0.516041 0.505087
vt 0.140910 0.829263
vt 0.433548 0.841297
vt 0.418082 0.836725
vt 0.484560 0.480342
vt 0.496393 0.487828
vt 0.422786 0.513956
vt 0.405908 0.509670
vt 0.269736 0.578984
vt 0.266888 0.606458
vt 0.029237 0.772297
vt 0.020014 0.756824
vt 0.029700 0.750632
vt 0.075500 0.965068
vt 0.198939 0.555127
vt 0.306753 0.920623
vt 0.033254 0.611273
vt 0.033741 0.619794
vt 0.413647 0.525289
vt 0.191294 0.509798
vt 0.189620 0.514889
vt 0.012681 0.745106
vt 0.522126 0.836032
vt 0.528510 0.831034
vt 0.078656 0.837024
vt 0.162791 0.586020
vt 0.169419 0.582302
vt 0.167079 0.590611
vt 0.530147 0.853880
vt 0.352755 0.845633
vt 0.341063 0.845372
vt 0.367299 0.798169
vt 0.572958 0.920146
vt 0.084444 0.712492
vt 0.322321 0.913942
vt 0.319868 0.475411
vt 0.160884 0.520445
vt 0.066390 0.243135
vt 0.780627 0.505769
vt 0.372418 0.589984
vt 0.288254 0.578475
vt 0.596575 0.904075
vt 0.042344 0.070438
vt 0.144173 0.493984
vt 0.060148 0.077086
vt 0.379559 0.767542
vt 0.097216 0.642119
vt 0.496974 0.957299
vt 0.003749 0.035694
vt 0.028017 0.858153
vt 0.215818 0.889685
vt 0.035974 0.555153
vt 0.042424 0.562359
vt 0.524697 0.597892
vt 0.568383 0.901619
vt 0.737871 0.808635
vt 0.859477 0.839060
vt 0.050448 0.780453
vt 0.042443 0.698114
vt 0.389972 0.525384
vt 0.404129 0.524898
vt 0.385748 0.519619
vt 0.020272 0.962920
vt 0.026559 0.948753
vt 0.853089 0.935281
vt 0.687291 0.804390
vt 0.037313 0.309225
vt 0.271664 0.519595
vt 0.276783 0.516347
vt 0.294007 0.637980
vt 0.303075 0.642144
vt 0.673585 0.842526
vt 0.703758 0.839235
vt 0.053494 0.884085
vt 0.032051 0.664068
vt 0.132523 0.500677
vt 0.139933 0.501551
vt 0.902954 0.833593
vt 0.359241 0.624313
vt 0.362437 0.617482
vt 0.199349 0.485482
vt 0.577444 0.902234
vt 0.023553 0.375012
vt 0.587255 0.900191
vt 0.407834 0.749666
vt 0.575967 0.649383
vt 0.562978 0.632189
vt 0.213340 0.574239
vt 0.224327 0.574816
vt 0.221623 0.579499
vt 0.519544 0.514888
vt 0.526229 0.515001
vt 0.384670 0.759543
vt 0.638533 0.841832
vt 0.137775 0.517926
vt 0.293305 0.516469
vt 0.412535 0.521522
vt 0.014455 0.228643
vt 0.349060 0.580757
vt 0.032665 0.684530
vt 0.346988 0.656031
vt 0.005419 0.931325
vt 0.174992 0.583271
vt 0.183426 0.583873
vt 0.181346 0.587100
vt 0.321749 0.808557
vt 0.045934 0.028863
vt 0.155722 0.928199
vt 0.138484 0.488504
vt 0.137440 0.485456
vt 0.084621 0.818354
vt 0.977108 0.786065
vt 0.170755 0.606631
vt 0.162911 0.606085
vt 0.165578 0.602447
vt 0.107545 0.798249
vt 0.167075 0.632929
vt 0.178445 0.539327
vt 0.182094 0.532264
vt 0.185323 0.534835
vt 0.179531 0.533812
vt 0.318461 0.811386
vt 0.416325 0.525677
vt 0.389676 0.850614
vt 0.111980 0.599046
vt 0.291039 0.878100
vt 0.275437 0.642427
vt 0.277511 0.573972
vt 0.328407 0.659199
vt 0.101194 0.812944
vt 0.482246 0.992052
vt 0.293662 0.562212
vt 0.034445 0.968349
vt 0.249768 0.571335
vt 0.255248 0.567736
vt 0.255590 0.579170
vt 0.218299 0.580053
vt 0.220806 0.584155
vt 0.213407 0.582431
vt 0.264729 0.646453
vt 0.274317 0.650511
vt 0.275292 0.660136
vt 0.657031 0.841491
vt 0.297970 0.652466
vt 0.285644 0.647909
vt 0.005375 0.896099
vt 0.730473 0.610237
vt 0.715417 0.614577
vt 0.707712 0.628260
vt 0.712628 0.648530
vt 0.727240 0.665492
vt 0.740367 0.669556
vt 0.755151 0.658082
vt 0.757896 0.634239
vt 0.750423 0.617924
vn 0.6448 -0.0734 -0.7608
vn 0.5521 0.6584 -0.5115
vn 0.2565 0.6607 -0.7055
vn 0.8501 0.2966 -0.4351
vn -0.2685 0.5827 0.7671
vn -0.3769 0.4827 0.7906
vn 0.1737 0.0962 0.9801
vn 0.4692 0.6626 -0.5838
vn 0.9929 0.0452 -0.1100
vn -0.5469 0.0345 0.8365
vn -0.7543 0.0641 0.6534
vn -0.4107 -0.0683 0.9092
vn -0.0914 0.1318 0.9871
vn -0.6425 0.2454 0.7259
vn -0.4210 0.0050 0.9071
vn -0.2936 0.0190 0.9557
vn -0.7081 0.1358 0.6930
vn -0.1408 -0.0185 0.9899
vn -0.6022 0.1289 0.7879
vn -0.3578 0.0752 0.9308
vn -0.7148 0.1148 0.6898
vn -0.9210 0.1732 0.3489
vn -0.8417 0.0410 0.5384
vn -0.6070 0.0057 0.7947
vn -0.9232 0.0448 0.3817
vn -0.2294 -0.2063 0.9512
vn -0.6334 -0.4900 0.5989
vn -0.2774 0.1936 0.9411
vn -0.5454 0.1741 0.8199
vn -0.4271 0.2249 0.8758
vn -0.2730 0.1926 0.9425
vn 0.3439 0.0753 0.9360
vn -0.3182 0.0423 0.9471
vn -0.3927 0.0270 0.9193
vn -0.5047 0.0375 0.8625
vn 0.5058 0.1358 0.8519
vn 0.1780 0.2185 0.9595
vn 0.3896 0.0050 0.9210
vn -0.3392 -0.1597 0.9271
vn -0.2564 -0.1485 0.9551
vn -0.2959 -0.0419 0.9543
vn -0.5903 0.0421 0.8061
vn -0.2517 0.2561 0.9333
vn -0.3465 0.0629 0.9359
vn 0.0318 0.0597 0.9977
vn 0.3711 0.0155 0.9285
vn -0.2275 -0.0030 0.9738
vn -0.3829 0.1374 0.9135
vn 0.1663 0.2121 0.9630
vn 0.1025 0.0706 0.9922
vn 0.3694 0.0311 0.9288
vn -0.3474 -0.0698 0.9351
vn -0.8760 0.1481 0.4590
vn -0.5505 0.3002 0.7790
vn -0.7926 0.3184 0.5200
vn -0.2475 0.1943 0.9492
vn -0.5588 -0.7497 0.3546
vn -0.8678 0.3055 0.3919
vn -0.6195 -0.3452 0.7050
vn -0.7031 0.6130 0.3604
vn -0.8380 -0.0242 0.5451
vn 0.5568 0.1960 0.8072
vn -0.0436 0.2557 0.9658
vn 0.0531 0.0740 0.9958
vn 0.7699 -0.1013 -0.6301
vn 0.0740 -0.1079 -0.9914
vn 0.5836 -0.1808 -0.7917
vn -0.9045 0.1718 0.3903
vn -0.6933 0.1814 0.6974
vn -0.8958 0.0979 0.4334
vn -0.4716 0.0993 0.8762
vn -0.2185 -0.1629 0.9621
vn -0.7360 -0.0502 0.6751
vn -0.9998 -0.0142 0.0114
vn -0.8390 0.0257 0.5435
vn -0.4756 -0.1599 0.8650
vn -0.8317 -0.0667 0.5513
vn -0.8518 -0.0023 0.5238
vn -0.0509 0.1069 0.9930
vn -0.4689 0.1028 0.8772
vn -0.1520 0.0146 0.9883
vn -0.8625 -0.2751 0.4248
vn -0.8932 -0.4024 -0.2007
vn -0.9713 -0.2265 0.0726
vn -0.8199 -0.3344 0.4648
vn -0.6680 -0.0846 0.7394
vn -0.9828 0.1017 -0.1539
vn -0.9952 0.0573 0.0792
vn 0.1667 0.0047 0.9860
vn -0.5469 0.1601 0.8218
vn -0.0390 0.1061 0.9936
vn 0.3523 -0.8068 0.4744
vn -0.6892 -0.6013 0.4043
vn -0.1639 -0.9828 -0.0847
vn 0.2813 -0.6786 0.6785
vn -0.5005 -0.7214 0.4786
vn 0.4420 -0.7063 0.5530
vn -0.9445 -0.0145 0.3281
vn -0.8194 0.0508 0.5710
vn -0.9018 -0.3743 0.2160
vn -0.7925 -0.3537 0.4969
vn -0.9959 -0.0209 0.0885
vn -0.9933 -0.0954 -0.0650
vn 0.9383 -0.3457 0.0030
vn 0.5407 -0.8044 0.2462
vn 0.2940 -0.5323 0.7939
vn 0.8019 -0.5049 0.3193
vn 0.5102 -0.8600 -0.0041
vn -0.9238 -0.2683 0.2733
vn -0.9847 0.0871 0.1510
vn -0.9343 0.1796 0.3078
vn -0.9709 0.1126 0.2114
vn -0.9378 0.1118 0.3288
vn -0.9915 0.0678 0.1112
vn -0.9673 0.0732 0.2430
vn -0.9974 -0.0277 0.0660
vn -0.8900 0.0280 0.4551
vn -0.7476 0.1507 0.6468
vn -0.6539 0.2450 0.7158
vn 0.7628 0.0248 -0.6462
vn 0.5849 0.0261 -0.8107
vn 0.1890 0.0391 -0.9812
vn 0.3921 0.0132 -0.9198
vn -0.9111 -0.0096 -0.4122
vn -0.7372 -0.0228 -0.6753
vn -0.9808 -0.0339 -0.1923
vn -0.9980 -0.0335 0.0543
vn -0.9906 -0.0510 -0.1272
vn -0.9407 -0.0317 -0.3376
vn -0.9874 -0.0197 0.1568
vn -0.9886 -0.0190 0.1493
vn -0.7781 -0.0022 0.6281
vn -0.9946 -0.0685 0.0780
vn -0.8612 -0.1623 -0.4817
vn -0.9442 -0.0459 -0.3262
vn -0.9853 -0.0674 -0.1568
vn -0.5544 0.1353 0.8212
vn -0.2490 -0.0402 -0.9677
vn -0.2363 -0.0891 -0.9676
vn 0.4301 -0.1081 -0.8963
vn -0.8567 -0.0482 -0.5136
vn -0.6325 -0.0545 -0.7727
vn -0.9655 0.0002 -0.2605
vn -0.9898 0.0030 -0.1424
vn -0.9650 0.0100 0.2621
vn -0.9880 0.1456 0.0516
vn -0.2925 0.1713 0.9408
vn 0.4000 -0.8283 0.3923
vn 0.9776 -0.1439 0.1535
vn -0.4233 -0.2656 -0.8662
vn -0.8121 -0.3104 -0.4941
vn 0.6126 -0.7188 0.3286
vn -0.2882 -0.6440 0.7087
vn -0.9696 -0.0977 -0.2245
vn -0.9945 0.0214 -0.1029
vn -0.9958 -0.0731 0.0555
vn -0.9855 -0.0968 0.1394
vn -0.8879 -0.1422 -0.4375
vn -0.4016 -0.7189 0.5673
vn -0.9676 -0.1037 -0.2303
vn -0.1037 0.6247 -0.7739
vn -0.1212 0.7645 -0.6331
vn -0.2424 -0.8788 0.4111
vn -0.1578 -0.8826 0.4428
vn -0.7199 -0.5325 0.4452
vn -0.9454 0.3083 0.1054
vn -0.6602 0.2861 -0.6945
vn -0.2453 -0.6737 0.6971
vn -0.4431 -0.8882 -0.1213
vn -0.6530 -0.7388 0.1666
vn 0.5757 0.0895 0.8127
vn 0.4329 -0.3572 0.8276
vn 0.3183 -0.0432 0.9470
vn -0.0730 -0.7454 0.6626
vn 0.5750 0.0109 0.8181
vn -0.9317 -0.0264 0.3623
vn -0.8950 -0.1705 0.4122
vn -0.9376 0.1855 -0.2940
vn -0.9622 -0.2720 0.0157
vn -0.9276 0.2233 -0.2995
vn -0.7594 0.5935 -0.2666
vn -0.8689 0.4736 0.1441
vn -0.9805 -0.0137 0.1960
vn -0.9372 0.0067 0.3488
vn -0.8902 0.1654 -0.4245
vn -0.9995 -0.0279 0.0140
vn -0.9902 -0.0228 0.1376
vn -0.9701 0.2144 0.1136
vn 0.7176 -0.0854 -0.6912
vn 0.9405 -0.0194 -0.3392
vn 0.9343 0.0492 -0.3532
vn -0.9948 -0.0012 -0.1019
vn -0.9103 -0.0362 -0.4123
vn -0.7645 0.1088 0.6354
vn -0.6679 0.0504 0.7426
vn -0.3104 0.0145 0.9505
vn -0.2618 0.1427 0.9545
vn 0.6255 0.2705 0.7318
vn -0.1155 0.3541 0.9281
vn -0.9685 -0.0597 -0.2419
vn 0.9803 0.0801 -0.1806
vn -0.8444 0.0097 -0.5356
vn -0.4786 0.0008 -0.8781
vn 0.9882 -0.0406 -0.1476
vn 0.9802 -0.0273 -0.1961
vn -0.7830 -0.0333 -0.6211
vn -0.7708 -0.0687 -0.6334
vn -0.3160 -0.0570 -0.9470
vn 0.0806 -0.0043 -0.9967
vn 0.4961 -0.0107 -0.8682
vn 0.1586 0.0135 -0.9873
vn 0.0213 -0.0514 -0.9985
vn 0.3692 -0.0556 -0.9277
vn 0.6009 -0.0322 -0.7987
vn -0.9636 -0.0090 -0.2672
vn -0.9390 -0.1632 -0.3026
vn -0.5985 -0.1447 -0.7880
vn -0.9264 0.0059 -0.3764
vn -0.9833 0.0579 0.1727
vn -0.0196 -0.0358 -0.9992
vn 0.1451 -0.0420 -0.9885
vn -0.2591 -0.0443 -0.9648
vn 0.9191 0.0210 -0.3935
vn 0.6519 -0.1005 -0.7516
vn 0.1432 -0.1221 -0.9821
vn -0.0439 -0.0888 -0.9951
vn 0.4055 -0.0678 -0.9116
vn 0.0359 -0.1071 -0.9936
vn 0.4314 -0.1010 -0.8965
vn -0.5459 -0.0712 -0.8348
vn -0.0624 -0.0990 -0.9931
vn -0.3040 -0.1357 -0.9430
vn -0.8706 -0.3818 -0.3104
vn -0.6793 -0.2919 -0.6733
vn -0.6673 -0.3110 -0.6767
vn -0.4631 0.0379 -0.8855
vn 0.3705 -0.0639 -0.9266
vn 0.6425 -0.0433 -0.7650
vn 0.3921 -0.0795 -0.9165
vn -0.0653 -0.0510 -0.9966
vn 0.4074 -0.0329 -0.9127
vn -0.0320 -0.0593 -0.9977
vn -0.5615 -0.0288 -0.8270
vn -0.1918 -0.1615 -0.9680
vn -0.7651 0.0982 0.6364
vn -0.9014 -0.0652 -0.4280
vn -0.6661 -0.1066 -0.7382
vn -0.8037 -0.5299 0.2708
vn -0.3010 0.4598 -0.8354
vn 0.4831 0.2084 -0.8504
vn -0.7094 0.5999 -0.3700
vn -0.9493 0.1669 0.2664
vn -0.8415 -0.3594 0.4034
vn -0.1773 -0.8478 -0.4998
vn 0.6734 -0.5489 -0.4952
vn 0.6721 -0.2240 -0.7058
vn -0.9277 0.3724 0.0260
vn -0.8830 -0.0527 -0.4664
vn -0.7417 -0.4298 -0.5150
vn -0.8406 -0.0904 -0.5341
vn -0.9423 -0.2293 -0.2438
vn -0.8355 -0.4531 -0.3108
vn -0.7696 -0.3194 -0.5529
vn -0.4719 0.5049 -0.7228
vn -0.8536 0.0719 -0.5159
vn -0.9822 0.1281 0.1375
vn -0.9999 0.0085 0.0081
vn -0.9624 0.2578 -0.0854
vn -0.9188 0.0584 -0.3904
vn -0.7737 0.1286 -0.6203
vn -0.9673 0.2339 0.0984
vn -0.8080 0.2238 -0.5450
vn -0.9523 0.2496 -0.1753
vn -0.8012 0.1376 -0.5824
vn -0.8238 -0.1123 -0.5556
vn 0.0871 -0.1701 -0.9816
vn 0.5913 -0.1439 -0.7935
vn -0.0308 -0.0937 -0.9951
vn 0.2871 -0.1157 -0.9509
vn 0.3218 -0.1948 -0.9266
vn -0.9386 0.0401 -0.3426
vn -0.7883 -0.0205 -0.6150
vn -0.9728 0.0484 -0.2265
vn -0.4132 -0.1610 -0.8963
vn 0.0952 -0.1623 -0.9821
vn -0.1413 -0.1568 -0.9775
vn 0.8557 -0.1799 -0.4851
vn 0.4194 -0.2474 -0.8734
vn 0.6082 -0.2217 -0.7622
vn -0.8557 0.0635 -0.5136
vn -0.8656 -0.1347 -0.4823
vn -0.7395 0.0409 -0.6719
vn 0.7176 0.0200 -0.6962
vn -0.6033 -0.0646 -0.7949
vn -0.3681 0.0255 -0.9294
vn -0.7851 -0.0266 -0.6188
vn -0.3121 -0.0117 -0.9500
vn -0.5776 -0.0242 -0.8159
vn -0.0557 -0.1065 -0.9927
vn -0.2446 -0.0622 -0.9676
vn -0.4363 -0.1817 -0.8812
vn 0.1119 -0.1432 -0.9834
vn -0.5689 0.0212 -0.8222
vn 0.2696 0.0709 -0.9604
vn 0.4815 -0.0065 -0.8764
vn -0.9933 0.0706 -0.0920
vn -0.9667 -0.0583 -0.2494
vn 0.9353 -0.0915 -0.3419
vn 0.9291 0.0758 -0.3620
vn -0.7811 -0.0077 -0.6244
vn -0.6480 0.0010 -0.7617
vn 0.5798 0.0417 -0.8137
vn -0.8046 0.1079 0.5839
vn -0.9200 0.0637 -0.3866
vn -0.9889 0.0548 0.1385
vn -0.7087 -0.0177 -0.7053
vn -0.4905 -0.0557 -0.8696
vn -0.2060 -0.0853 -0.9748
vn -0.8828 -0.0137 -0.4696
vn -0.6506 -0.0223 -0.7591
vn -0.5418 -0.0945 -0.8352
vn -0.1595 -0.1045 -0.9816
vn 0.7319 -0.0698 -0.6778
vn 0.8308 -0.0816 -0.5505
vn 0.9343 -0.0656 -0.3505
vn -0.9941 0.0353 0.1029
vn -0.9550 0.0309 0.2949
vn -0.8072 -0.0644 -0.5867
vn -0.0206 -0.1109 -0.9936
vn 0.3414 -0.1366 -0.9299
vn 0.8133 -0.0885 -0.5751
vn -0.4350 -0.1400 -0.8895
vn -0.0537 -0.1324 -0.9897
vn -0.3287 -0.1373 -0.9344
vn 0.8431 -0.0495 -0.5354
vn -0.0992 -0.0388 -0.9943
vn -0.5708 0.1713 -0.8030
vn -0.8312 -0.0144 -0.5558
vn 0.7987 -0.5107 -0.3182
vn -0.8896 -0.1306 -0.4377
vn 0.5893 -0.2255 -0.7758
vn 0.3457 -0.2535 -0.9034
vn 0.3265 -0.3254 -0.8874
vn -0.0229 -0.0991 -0.9948
vn -0.9740 -0.2229 0.0401
vn -0.4527 -0.1145 -0.8843
vn 0.1947 0.0516 -0.9795
vn -0.1185 0.2507 -0.9608
vn -0.6352 0.4854 -0.6008
vn -0.3037 -0.2966 -0.9054
vn -0.4298 0.7798 -0.4552
vn -0.6516 -0.0973 -0.7523
vn -0.8628 -0.1352 -0.4871
vn -0.6239 -0.4988 -0.6016
vn -0.9380 -0.0992 -0.3323
vn -0.5175 0.7374 -0.4340
vn -0.4947 0.7581 -0.4249
vn -0.9754 -0.1049 -0.1937
vn -0.4936 -0.0894 -0.8651
vn -0.9002 0.0770 -0.4286
vn -0.5300 0.0236 -0.8477
vn -0.7791 -0.0730 -0.6227
vn -0.2724 -0.0667 -0.9599
vn -0.1735 0.0972 -0.9800
vn 0.2148 -0.1019 -0.9713
vn 0.5824 -0.0181 -0.8127
vn 0.4285 -0.0816 -0.8998
vn -0.4735 -0.0939 -0.8757
vn -0.9341 0.0731 -0.3494
vn 0.0276 -0.0779 -0.9966
vn -0.6210 -0.1518 -0.7690
vn -0.3415 -0.0191 -0.9397
vn 0.8018 -0.0980 -0.5896
vn 0.8481 0.0629 -0.5261
vn -0.6193 -0.0564 -0.7831
vn -0.6726 -0.2677 -0.6899
vn -0.6567 0.2683 -0.7048
vn -0.7844 0.1689 -0.5968
vn 0.6147 -0.0511 -0.7871
vn -0.1922 0.0688 -0.9789
vn 0.3159 -0.0649 -0.9466
vn -0.5561 0.1818 -0.8110
vn -0.4914 -0.0822 -0.8670
vn -0.1317 0.0560 -0.9897
vn 0.1213 -0.1984 -0.9726
vn -0.3412 -0.1640 -0.9256
vn -0.7241 -0.1332 -0.6767
vn -0.2165 -0.1647 -0.9623
vn 0.2520 -0.1763 -0.9515
vn 0.0837 -0.2845 -0.9550
vn -0.3389 -0.1648 -0.9263
vn -0.7690 -0.1096 -0.6298
vn 0.6806 -0.3330 -0.6526
vn 0.8601 -0.2428 -0.4486
vn 0.3190 -0.2764 -0.9066
vn 0.6477 -0.3386 -0.6825
vn -0.5267 -0.1977 -0.8267
vn 0.9682 -0.1049 -0.2271
vn -0.0527 -0.2456 -0.9679
vn 0.6467 -0.1266 -0.7522
vn -0.5694 -0.1105 -0.8146
vn -0.3934 -0.1145 -0.9122
vn -0.9789 0.1704 0.1125
vn -0.9360 0.2340 0.2630
vn -0.7065 0.1879 0.6823
vn 0.4280 -0.2369 -0.8722
vn 0.7908 -0.1638 -0.5897
vn -0.6293 -0.0993 -0.7708
vn -0.0455 -0.1540 -0.9870
vn -0.2026 -0.1977 -0.9591
vn -0.5511 -0.1365 -0.8232
vn -0.8472 -0.0749 -0.5259
vn -0.3792 -0.3122 -0.8710
vn -0.0528 -0.2393 -0.9695
vn -0.8963 0.1021 0.4316
vn -0.8521 0.1235 0.5085
vn -0.4747 0.2156 0.8533
vn -0.5593 0.1412 0.8169
vn -0.6796 -0.1508 -0.7179
vn -0.9121 0.1644 -0.3755
vn -0.9837 -0.1001 -0.1495
vn -0.9830 0.0624 0.1726
vn -0.6217 -0.1877 -0.7604
vn -0.0230 -0.3270 -0.9447
vn 0.0053 -0.1812 -0.9834
vn -0.9775 0.1604 -0.1371
vn -0.9513 -0.0502 -0.3040
vn -0.2796 -0.0874 -0.9561
vn 0.0666 -0.0377 -0.9971
vn 0.0202 -0.1117 -0.9935
vn -0.4550 -0.2609 -0.8514
vn -0.0395 -0.1392 -0.9895
vn -0.1505 0.3713 -0.9163
vn -0.6412 -0.1056 -0.7601
vn -0.9195 0.2785 -0.2773
vn 0.0837 0.4810 -0.8727
vn -0.2879 -0.0494 -0.9564
vn 0.8863 0.0017 -0.4632
vn 0.6162 -0.1395 -0.7752
vn 0.2665 -0.1004 -0.9586
vn 0.6746 0.6540 -0.3423
vn 0.9787 0.1808 -0.0975
vn 0.9114 0.1439 -0.3856
vn 0.9906 -0.0527 -0.1259
vn -0.3125 0.0424 -0.9490
vn -0.1123 0.1231 -0.9860
vn 0.1444 0.2254 -0.9635
vn 0.2746 -0.2700 -0.9229
vn 0.2406 0.2701 -0.9323
vn 0.2746 0.2832 -0.9189
vn -0.6709 0.5691 -0.4755
vn -0.3540 -0.0070 -0.9352
vn -0.6866 -0.0524 -0.7251
vn -0.1271 0.1065 -0.9862
vn 0.9805 0.1635 -0.1087
vn 0.6019 0.5790 -0.5500
vn 0.2487 0.6570 -0.7117
vn 0.3505 -0.2418 -0.9048
vn 0.3324 0.0975 -0.9381
vn 0.7331 -0.0276 0.6796
vn 0.3343 0.0088 0.9424
vn 0.8582 -0.0273 -0.5125
vn 0.9874 0.1502 0.0498
vn 0.8636 0.3833 -0.3274
vn 0.7934 0.0292 0.6080
vn 0.8859 -0.0357 0.4625
vn 0.7389 0.0615 0.6710
vn 0.0695 0.8486 -0.5244
vn 0.9342 0.0572 -0.3521
vn 0.6314 0.3816 -0.6751
vn 0.7915 0.2034 -0.5763
vn 0.6623 -0.1110 -0.7409
vn 0.9062 -0.0521 -0.4197
vn 0.9956 0.0417 0.0839
vn 0.9816 0.0607 0.1808
vn -0.1008 0.1374 0.9854
vn 0.9964 0.0828 0.0173
vn 0.7763 0.0054 0.6303
vn 0.4198 -0.1805 0.8895
vn 0.7741 -0.0924 -0.6263
vn 0.9899 -0.1177 -0.0784
vn 0.6739 0.5743 -0.4648
vn 0.5016 0.6320 -0.5908
vn -0.1786 0.7983 -0.5752
vn 0.5232 0.6771 -0.5176
vn 0.9356 0.0845 0.3427
vn 0.9473 -0.3158 -0.0544
vn 0.8518 0.0367 0.5226
vn 0.7693 0.1683 0.6163
vn 0.8080 0.2389 0.5386
vn 0.0241 0.9943 -0.1037
vn 0.1822 0.9724 -0.1460
vn -0.1562 0.9113 -0.3810
vn 0.8873 -0.0354 0.4599
vn 0.9752 -0.1170 -0.1878
vn 0.9927 -0.0588 0.1050
vn 0.9687 -0.2477 -0.0135
vn 0.8390 0.0457 0.5423
vn 0.3790 0.0879 0.9212
vn 0.5983 -0.0568 -0.7993
vn 0.9687 -0.0523 -0.2427
vn 0.9886 -0.0125 -0.1500
vn 0.9240 0.0689 -0.3761
vn 0.7377 0.5818 -0.3427
vn 0.9967 0.0791 -0.0190
vn 0.9760 0.0536 0.2112
vn 0.8224 0.1145 0.5572
vn -0.8351 -0.0051 0.5501
vn -0.6984 0.0231 0.7154
vn -0.9707 -0.0027 0.2404
vn 0.5619 -0.1024 0.8209
vn 0.9456 -0.0693 0.3178
vn -0.6508 0.0586 0.7570
vn -0.3975 -0.0234 0.9173
vn -0.6027 0.0209 0.7977
vn -0.2873 0.0389 0.9570
vn -0.0765 -0.0109 0.9970
vn -0.4935 0.0048 0.8698
vn 0.8390 0.0859 0.5374
vn 0.9239 -0.0247 0.3817
vn 0.7064 0.0167 0.7076
vn 0.3012 0.0210 0.9533
vn -0.1960 -0.0326 0.9801
vn -0.8370 0.1033 0.5373
vn -0.5743 0.1825 0.7980
vn 0.4297 0.1376 0.8924
vn -0.2299 0.1827 0.9559
vn 0.2183 0.1723 0.9606
vn -0.8217 0.0618 0.5665
vn -0.8067 0.0263 0.5903
vn -0.7379 0.0921 0.6686
vn -0.4388 0.1004 0.8930
vn -0.6939 0.0891 0.7145
vn -0.7145 -0.0030 0.6996
vn -0.5686 0.0192 0.8224
vn -0.8874 0.0235 0.4605
vn 0.0077 -0.0235 0.9997
vn -0.3320 0.1750 0.9269
vn -0.4338 0.1007 0.8954
vn 0.6482 0.0691 0.7583
vn 0.5770 -0.0219 0.8165
vn 0.5867 0.0009 0.8098
vn -0.9462 0.2841 0.1550
vn 0.1881 0.0207 0.9819
vn 0.3136 0.1037 0.9439
vn -0.6062 0.1958 0.7709
vn -0.5876 0.1684 0.7915
vn -0.3921 0.2436 0.8871
vn 0.1471 0.2060 0.9674
vn -0.3472 0.2242 0.9106
vn 0.4080 0.1677 0.8975
vn -0.9806 -0.0413 -0.1916
vn 0.5179 0.1342 0.8449
vn 0.7585 0.0290 0.6511
vn 0.9974 0.0682 0.0233
vn 0.9942 -0.0678 0.0833
vn 0.8022 0.0762 0.5922
vn 0.5908 0.0702 0.8038
vn 0.7311 0.0655 0.6791
vn -0.9280 0.1780 -0.3273
vn -0.9739 0.1793 -0.1392
vn -0.9144 0.3723 -0.1589
vn -0.7319 0.4694 -0.4940
vn 0.1624 0.9119 -0.3769
vn -0.4551 0.5880 -0.6687
vn 0.2391 0.4246 -0.8732
vn 0.2072 0.7181 -0.6644
vn -0.8111 0.2013 0.5492
vn -0.8546 -0.0350 -0.5181
vn 0.5051 0.0075 0.8630
vn 0.6615 0.0723 0.7465
vn -0.1194 0.1745 0.9774
vn -0.3815 0.6763 -0.6301
vn 0.1024 0.8763 -0.4708
vn -0.9778 0.1013 0.1835
vn -0.9647 0.0632 0.2555
vn 0.9849 0.0112 0.1725
vn 0.9951 -0.0198 -0.0969
vn 0.9605 0.1715 0.2192
vn -0.6883 0.7254 -0.0115
vn -0.8700 0.4594 0.1793
vn -0.6093 0.7771 0.1579
vn -0.5242 0.8459 -0.0982
vn -0.4934 0.8588 -0.1380
vn -0.3006 0.9458 -0.1229
vn -0.0123 0.9952 -0.0971
vn 0.9761 0.0583 -0.2095
vn 0.9934 -0.1108 0.0309
vn 0.9944 -0.0759 0.0730
vn 0.4465 -0.0378 0.8940
vn 0.2124 0.1013 0.9719
vn 0.5245 0.1499 0.8381
vn 0.9875 0.0663 -0.1429
vn 0.7378 -0.0161 0.6748
vn 0.9723 -0.0280 0.2322
vn 0.9996 -0.0266 0.0110
vn 0.9554 -0.0024 -0.2952
vn 0.9763 -0.0091 -0.2161
vn 0.8833 -0.1510 -0.4439
vn 0.8557 0.0292 0.5166
vn 0.6475 -0.0718 0.7587
vn 0.9737 0.1113 0.1987
vn 0.7648 0.0146 0.6440
vn 0.9993 -0.0354 -0.0067
vn 0.9733 -0.1747 -0.1488
vn 0.9512 -0.0254 0.3075
vn 0.9924 0.0162 0.1222
vn 0.7362 0.2583 0.6255
vn 0.4003 0.2284 0.8874
vn 0.6106 0.1578 0.7761
vn 0.6876 0.0870 0.7208
vn 0.9205 -0.0915 -0.3799
vn 0.7182 -0.1213 -0.6851
vn 0.2101 0.1635 0.9639
vn 0.6896 0.0202 0.7239
vn 0.7450 -0.0563 0.6647
vn 0.6716 0.7308 0.1225
vn 0.9201 0.0712 -0.3852
vn 0.7085 0.6171 -0.3425
vn 0.6937 0.1473 0.7051
vn 0.9280 0.2018 0.3133
vn 0.8039 0.2297 0.5486
vn 0.9743 -0.0931 0.2054
vn 0.7555 -0.0279 0.6545
vn 0.0494 0.4624 0.8853
vn -0.5699 0.4286 0.7011
vn -0.6260 0.2595 0.7354
vn 0.9460 -0.0125 0.3239
vn 0.9065 -0.0247 0.4215
vn 0.8730 0.1271 0.4709
vn 0.9815 0.0068 0.1914
vn 0.9402 -0.0847 -0.3300
vn 0.6500 -0.0504 0.7583
vn 0.1021 0.0269 0.9944
vn 0.7192 0.0067 0.6948
vn 0.9100 0.0682 -0.4090
vn 0.9216 -0.0024 0.3882
vn 0.6760 -0.0189 0.7367
vn 0.4809 0.1458 0.8646
vn 0.7322 0.0773 0.6767
vn 0.8312 0.0326 0.5551
vn 0.9155 -0.0555 0.3984
vn 0.6773 -0.0021 0.7357
vn 0.5459 0.0532 0.8362
vn 0.9974 0.0171 -0.0698
vn 0.9505 0.0018 0.3107
vn 0.9945 -0.0121 -0.1038
vn 0.5381 0.6594 0.5250
vn -0.0158 0.9186 0.3948
vn 0.9456 0.1124 0.3054
vn 0.1333 0.1618 0.9778
vn 0.1808 0.2161 0.9595
vn 0.2636 0.3622 0.8941
vn 0.4949 0.1122 0.8617
vn 0.9065 0.0658 0.4171
vn 0.7255 0.0755 0.6840
vn 0.7632 -0.0557 0.6437
vn 1.0000 -0.0047 0.0009
vn 0.9982 -0.0379 -0.0471
vn 0.7578 0.4003 0.5152
vn 0.8765 0.3449 0.3358
vn 0.8890 0.3940 0.2333
vn 0.9087 0.0030 0.4175
vn 0.9786 0.0448 0.2007
vn 0.9949 -0.0622 0.0788
vn 0.7382 -0.2972 -0.6056
vn 0.9442 0.0229 0.3286
vn 0.7755 0.0848 0.6256
vn 0.8701 -0.0894 0.4847
vn 0.7240 -0.0855 0.6845
vn 0.0106 -0.0160 -0.9998
vn 0.8566 0.1707 0.4869
vn 0.8377 0.0985 0.5371
vn 0.9397 -0.1631 -0.3007
vn 0.7300 -0.1656 -0.6631
vn 0.9664 0.0607 0.2496
vn 0.8986 -0.0933 -0.4287
vn -0.0617 0.0386 0.9973
vn 0.9498 0.0575 0.3076
vn 0.8274 -0.2214 -0.5161
vn 0.5185 0.0960 0.8497
vn 0.2164 0.8083 -0.5476
vn 0.6832 0.0675 0.7271
vn -0.3731 0.5298 -0.7617
vn -0.3504 0.1369 0.9265
vn -0.0198 0.1710 0.9851
vn 0.7116 0.0231 0.7022
vn 0.9323 -0.0114 0.3614
vn 0.8894 0.1265 0.4393
vn -0.4689 0.0720 0.8803
vn 0.6818 0.1876 0.7071
vn -0.9880 0.0300 0.1515
vn -0.9984 0.0285 -0.0486
vn -0.9637 0.0400 -0.2640
vn 0.5270 -0.0794 0.8461
vn 0.9981 0.0062 0.0607
vn -0.9096 0.0226 0.4149
vn -0.2603 0.7827 0.5654
vn 0.9492 0.0066 0.3147
vn -0.5601 -0.2437 -0.7917
vn -0.2516 0.2339 0.9392
vn -0.1056 0.2636 0.9588
vn 0.9135 -0.0550 -0.4032
vn 0.6731 0.7286 0.1266
vn -0.3536 0.1112 0.9288
vn -0.9804 -0.1035 0.1676
vn -0.9794 -0.0186 0.2012
vn 0.4077 0.1514 0.9005
vn -0.3364 0.2998 0.8927
vn -0.2982 -0.0844 -0.9508
vn 0.7259 -0.0864 0.6824
vn 0.3547 0.1204 0.9272
vn -0.5508 -0.0257 0.8343
vn 0.7059 -0.2684 -0.6555
vn 0.9469 -0.0854 -0.3100
vn -0.9492 0.0724 0.3061
vn -0.1185 0.0479 0.9918
vn -0.7238 0.0312 0.6893
vn -0.9073 0.0099 -0.4204
vn 0.3481 0.2534 0.9026
vn -0.9483 0.3072 -0.0801
vn 0.9846 0.1484 0.0929
vn 0.9711 0.2231 0.0851
vn -0.9593 0.0233 -0.2815
vn 0.3611 -0.0008 -0.9325
vn 0.2026 0.0891 -0.9752
vn 0.8308 0.0770 0.5512
vn 0.2240 -0.2392 -0.9448
vn -0.8783 0.3431 -0.3329
vn -0.8035 0.3135 -0.5062
vn -0.9670 -0.2004 -0.1573
vn 0.6323 -0.1390 0.7622
vn 0.7941 0.2276 0.5635
vn 0.1964 0.9805 0.0043
vn -0.4681 0.1592 0.8692
vn 0.8263 -0.2242 -0.5166
vn 0.5258 0.1814 0.8310
vn 0.9502 0.2033 -0.2363
vn 0.9000 0.3771 0.2185
vn -0.7995 0.0898 0.5940
vn -0.7058 0.7042 0.0775
vn -0.0909 0.2016 0.9752
vn 0.4605 0.1283 -0.8784
vn -0.8410 -0.1503 -0.5198
vn 0.8435 -0.0164 0.5369
vn 0.9201 -0.1680 -0.3538
vn 0.9044 0.2384 -0.3539
vn 0.5746 0.1580 -0.8031
vn 0.0050 -0.9969 0.0781
usemtl strick_2_fromzephyre
s off
f 525/1/1 526/2/1 527/3/1 736/4/1
s 1
f 3/5/2 4/6/3 5/7/4
f 10/8/5 7/9/6 9/10/7
f 5/7/4 4/6/3 467/11/8
f 467/11/8 175/12/9 5/7/4
f 15/13/10 166/14/11 16/15/12
f 18/16/13 19/17/14 10/8/5
f 33/18/15 34/19/16 35/20/17
f 40/21/18 93/22/19 39/23/20
f 39/23/20 93/22/19 41/24/21
f 42/25/22 41/24/21 93/22/19
f 171/26/23 49/27/24 184/28/25
f 51/29/26 50/30/27 49/27/24
f 18/16/13 55/31/28 56/32/29
f 63/33/30 62/34/31 64/35/32
f 66/36/33 67/37/34 68/38/35
f 25/39/36 26/40/37 72/41/38
f 72/42/38 629/43/39 71/44/40
f 73/45/41 631/46/42 28/47/43
f 31/48/44 30/49/45 74/50/46
f 74/50/46 75/51/47 31/48/44
f 77/52/48 78/53/49 81/54/50
f 81/54/50 82/55/51 83/56/52
f 92/57/53 42/25/22 93/22/19
f 100/58/54 101/59/55 49/27/24
f 102/60/56 51/61/26 100/62/54
f 50/30/27 51/29/26 107/63/57
f 8/64/58 111/65/59 7/66/6
f 114/67/60 115/68/61 19/69/14
f 56/70/29 114/67/60 19/69/14
f 18/16/13 56/32/29 19/17/14
f 121/71/62 123/72/63 119/73/64
f 2/74/65 286/75/66 399/76/67
f 194/77/68 57/78/69 195/79/70
f 206/80/71 130/81/72 63/82/30
f 130/81/72 62/83/31 63/82/30
f 134/84/73 135/85/74 624/86/75
f 630/87/76 24/88/77 70/89/78
f 87/90/79 86/91/80 85/92/81
f 155/93/82 156/94/83 154/95/84
f 155/93/82 37/96/85 38/97/86
f 89/98/87 42/25/22 157/99/88
f 15/100/10 158/101/89 102/60/56
f 47/102/90 160/103/91 16/104/12
f 161/105/92 162/106/93 249/107/94
f 99/108/95 165/109/96 164/110/97
f 166/14/11 167/111/98 95/112/99
f 168/113/100 165/109/96 169/114/101
f 246/115/102 167/111/98 254/116/103
f 49/27/24 166/14/11 100/58/54
f 173/117/104 176/118/105 174/119/106
f 181/120/107 182/121/108 176/118/105
f 173/117/104 175/122/9 176/118/105
f 184/28/25 49/27/24 50/30/27
f 188/123/109 50/30/27 107/63/57
f 191/124/110 118/125/111 53/126/112
f 53/126/112 192/127/113 54/128/114
f 199/129/115 288/130/116 289/131/117
f 199/129/115 197/132/118 200/133/119
f 207/134/120 204/135/121 205/136/122
f 205/136/122 210/137/123 207/134/120
f 213/138/124 208/139/125 209/140/126
f 213/138/124 209/140/126 212/141/127
f 215/142/128 216/143/129 138/144/130
f 138/144/130 219/145/131 215/142/128
f 139/146/132 219/145/131 138/144/130
f 140/147/133 432/148/134 222/149/135
f 432/148/134 140/147/133 23/150/136
f 146/151/137 631/46/42 73/45/41
f 439/152/138 233/153/139 234/154/140
f 240/155/141 241/156/142 330/157/143
f 243/158/144 80/159/145 154/95/84
f 37/96/85 155/93/82 154/95/84
f 341/160/146 155/93/82 42/25/22
f 159/161/147 160/103/91 47/102/90
f 249/107/94 248/162/148 161/105/92
f 161/163/92 44/164/149 164/165/97
f 359/166/150 249/167/94 252/168/151
f 259/169/152 170/170/153 99/171/95
f 255/172/154 256/173/155 98/174/156
f 254/116/103 172/175/157 253/176/158
f 174/177/106 180/178/159 259/179/152
f 257/180/160 261/181/161 552/182/162
f 180/183/159 174/184/106 258/185/163
f 180/178/159 179/186/164 366/187/165
f 257/188/160 177/189/166 262/190/167
f 182/191/108 179/192/164 176/193/105
f 107/63/57 51/29/26 263/194/168
f 179/195/164 265/196/169 104/197/170
f 610/198/171 268/199/172 48/200/173
f 267/201/174 108/202/175 9/10/7
f 110/203/176 184/28/25 52/204/177
f 186/205/178 103/206/179 273/207/180
f 273/207/180 271/208/181 186/205/178
f 8/209/58 17/210/182 188/211/109
f 113/212/183 52/204/177 112/213/184
f 382/214/185 274/215/186 109/216/187
f 113/212/183 115/68/61 118/125/111
f 193/217/188 54/128/114 194/77/68
f 278/218/189 279/219/190 280/220/191
f 194/77/68 195/79/70 193/217/188
f 285/221/192 288/130/116 400/222/193
f 195/79/70 287/223/194 288/130/116
f 288/130/116 287/223/194 289/131/117
f 290/224/195 60/225/196 196/226/197
f 291/227/198 61/228/199 196/229/197
f 199/129/115 292/230/200 288/130/116
f 289/131/117 197/132/118 199/129/115
f 207/134/120 299/231/201 204/135/121
f 213/232/124 135/85/74 214/233/202
f 213/232/124 212/234/127 135/85/74
f 301/235/203 213/138/124 214/236/202
f 303/237/204 207/134/120 304/238/205
f 429/239/206 220/240/207 310/241/208
f 218/242/209 311/243/210 305/244/211
f 312/245/212 223/246/213 430/247/214
f 23/150/136 144/248/215 226/249/216
f 435/250/217 226/249/216 225/251/218
f 144/252/215 23/253/136 229/254/219
f 232/255/220 313/256/221 314/257/222
f 315/258/223 234/154/140 325/259/224
f 234/154/140 322/260/225 325/259/224
f 324/261/226 325/259/224 322/260/225
f 329/262/227 332/263/228 335/264/229
f 242/265/230 334/266/231 333/267/232
f 154/95/84 244/268/233 243/158/144
f 244/268/233 154/95/84 156/94/83
f 338/269/234 156/270/83 339/271/235
f 338/269/234 339/271/235 451/272/236
f 89/98/87 341/160/146 42/25/22
f 346/273/237 347/274/238 343/275/239
f 456/276/240 348/277/241 453/278/242
f 456/279/240 454/280/243 457/281/244
f 95/112/99 157/99/88 96/282/245
f 247/283/246 251/284/247 454/280/243
f 163/285/248 252/168/151 162/286/93
f 165/109/96 163/287/248 161/105/92
f 163/285/248 256/173/155 252/168/151
f 357/288/249 358/289/250 359/290/150
f 259/179/152 180/178/159 170/291/153
f 257/180/160 361/292/251 255/172/154
f 361/292/251 257/180/160 552/182/162
f 183/293/252 184/28/25 172/175/157
f 257/188/160 168/113/100 177/189/166
f 169/114/101 177/189/166 168/113/100
f 366/187/165 170/291/153 180/178/159
f 170/291/153 366/187/165 260/294/253
f 264/295/254 367/296/255 363/297/256
f 367/296/255 264/295/254 182/298/108
f 177/189/166 169/114/101 178/299/257
f 372/300/258 270/301/259 464/302/260
f 372/300/258 105/303/261 106/304/262
f 464/302/260 374/305/263 372/300/258
f 19/69/14 112/213/184 17/306/182
f 271/208/181 273/207/180 272/307/264
f 272/307/264 105/303/261 375/308/265
f 274/215/186 110/203/176 109/216/187
f 113/212/183 118/125/111 191/124/110
f 190/309/266 191/124/110 384/310/267
f 388/311/268 389/312/269 386/313/270
f 392/314/271 389/315/269 54/128/114
f 281/316/272 389/312/269 392/317/271
f 282/318/273 285/319/192 488/320/274
f 400/321/193 396/322/275 285/319/192
f 285/221/192 195/79/70 288/130/116
f 490/323/276 398/324/277 399/76/67
f 408/325/278 407/326/279 403/327/280
f 413/328/281 412/329/282 198/330/283
f 414/331/284 415/332/285 410/333/286
f 420/334/287 419/335/288 421/336/289
f 523/337/290 529/338/291 425/339/292
f 207/134/120 210/137/123 428/340/293
f 135/85/74 138/144/130 216/143/129
f 309/341/294 308/342/295 302/343/296
f 302/343/296 308/342/295 306/344/297
f 216/345/129 309/341/294 302/343/296
f 310/241/208 312/346/212 218/347/209
f 221/348/298 220/240/207 222/149/135
f 431/349/299 223/350/213 224/351/300
f 224/351/300 432/148/134 433/352/301
f 431/349/299 224/351/300 433/352/301
f 433/352/301 435/250/217 431/349/299
f 431/353/299 434/354/302 223/246/213
f 435/250/217 434/355/302 431/349/299
f 314/356/222 434/355/302 435/250/217
f 227/357/303 314/356/222 435/250/217
f 225/251/218 144/248/215 227/357/303
f 232/255/220 317/358/304 313/256/221
f 434/354/302 313/256/221 436/359/305
f 229/254/219 231/360/306 228/361/307
f 437/362/308 436/359/305 438/363/309
f 439/364/138 230/365/310 320/366/311
f 317/358/304 235/367/312 436/359/305
f 231/360/306 229/254/219 319/368/313
f 235/367/312 317/358/304 234/154/140
f 318/369/314 231/360/306 145/370/315
f 321/371/316 439/364/138 320/366/311
f 441/372/317 440/373/318 321/371/316
f 323/374/319 441/372/317 321/371/316
f 326/375/320 441/372/317 323/374/319
f 322/260/225 440/376/318 324/261/226
f 440/373/318 441/372/317 326/375/320
f 324/377/226 327/378/321 328/379/322
f 442/380/323 446/381/324 443/382/325
f 328/383/322 332/263/228 329/262/227
f 330/384/143 150/385/326 151/386/327
f 328/379/322 241/156/142 332/387/228
f 333/267/232 241/156/142 242/265/230
f 330/384/143 151/386/327 243/158/144
f 240/155/141 336/388/328 242/265/230
f 243/389/144 336/388/328 240/155/141
f 80/159/145 243/158/144 151/386/327
f 337/390/329 448/391/330 335/264/229
f 448/391/330 445/392/331 335/264/229
f 335/264/229 445/392/331 446/381/324
f 336/388/328 243/389/144 244/393/233
f 242/265/230 336/388/328 449/394/332
f 338/269/234 449/394/332 336/388/328
f 449/394/332 337/395/329 242/265/230
f 451/272/236 340/396/333 450/397/334
f 343/275/239 452/398/335 448/391/330
f 448/391/330 340/399/333 343/275/239
f 450/397/334 338/269/234 451/272/236
f 453/278/242 346/273/237 344/400/336
f 344/401/336 345/402/337 453/403/242
f 453/278/242 348/277/241 346/273/237
f 89/404/87 157/405/88 247/283/246
f 89/404/87 247/283/246 245/406/338
f 454/280/243 245/406/338 247/283/246
f 351/407/339 248/408/148 249/409/94
f 351/410/339 359/166/150 358/411/250
f 162/286/93 252/168/151 249/167/94
f 247/283/246 250/412/340 251/284/247
f 458/413/341 350/414/342 353/415/343
f 250/416/340 246/115/102 254/116/103
f 256/173/155 163/285/248 98/174/156
f 165/109/96 98/417/156 163/287/248
f 350/418/342 356/419/344 353/420/343
f 255/421/154 98/417/156 97/422/345
f 354/423/346 356/419/344 457/281/244
f 359/166/150 252/168/151 357/424/249
f 168/425/100 255/172/154 97/426/345
f 363/297/256 460/427/347 264/295/254
f 460/428/347 363/429/256 360/430/348
f 257/180/160 262/431/167 369/432/349
f 369/432/349 261/181/161 257/180/160
f 460/427/347 356/419/344 362/433/350
f 362/433/350 264/295/254 460/427/347
f 262/434/167 462/435/351 369/436/349
f 461/437/352 368/438/353 266/439/354
f 104/440/170 103/441/179 366/187/165
f 464/302/260 368/438/353 463/442/355
f 371/443/356 178/444/257 465/445/357
f 368/438/353 269/446/358 463/442/355
f 265/196/169 270/301/259 106/304/262
f 104/197/170 105/303/261 103/206/179
f 103/206/179 105/303/261 273/207/180
f 270/301/259 266/439/354 464/302/260
f 372/300/258 106/304/262 270/301/259
f 105/303/261 272/307/264 273/207/180
f 464/302/260 463/442/355 374/305/263
f 374/305/263 469/447/359 372/300/258
f 382/448/185 378/449/360 274/450/186
f 381/451/361 382/448/185 383/452/362
f 381/451/361 475/453/363 470/454/364
f 477/455/365 387/456/366 476/457/367
f 381/451/361 383/452/362 385/458/368
f 276/459/369 386/313/270 383/452/362
f 475/460/363 480/461/370 477/455/365
f 478/462/371 390/463/372 385/458/368
f 472/464/373 387/456/366 675/465/374
f 390/466/372 480/461/370 385/467/368
f 479/468/375 390/463/372 478/462/371
f 393/469/376 479/468/375 389/312/269
f 483/470/377 393/469/376 484/471/378
f 280/220/191 387/456/366 486/472/379
f 485/473/380 393/469/376 483/470/377
f 392/317/271 282/318/273 281/316/272
f 278/218/189 486/472/379 487/474/381
f 280/220/191 486/472/379 278/218/189
f 283/475/382 488/320/274 284/476/383
f 286/75/66 487/474/381 395/477/384
f 284/476/383 395/478/384 283/475/382
f 285/221/192 282/479/273 193/217/188
f 397/480/385 286/75/66 284/481/383
f 488/320/274 285/319/192 396/322/275
f 489/482/386 397/480/385 284/481/383
f 489/483/386 490/484/276 397/485/385
f 400/321/193 402/486/387 396/322/275
f 401/487/388 490/323/276 489/482/386
f 398/324/277 490/323/276 491/488/389
f 496/489/390 401/487/388 497/490/391
f 292/491/200 294/492/392 402/486/387
f 491/488/389 495/493/393 493/494/394
f 495/493/393 491/488/389 498/495/395
f 498/495/395 406/496/396 495/493/393
f 401/497/388 293/498/397 497/499/391
f 405/500/398 495/493/393 406/496/396
f 292/230/200 199/129/115 198/501/283
f 406/496/396 496/489/390 403/327/280
f 497/499/391 293/498/397 294/492/392
f 497/499/391 294/492/392 404/502/399
f 411/503/400 405/500/398 406/496/396
f 412/329/282 294/492/392 198/330/283
f 408/325/278 410/333/286 407/326/279
f 500/504/401 410/505/286 409/506/402
f 416/507/403 295/508/404 502/509/405
f 503/510/406 411/503/400 415/332/285
f 503/510/406 499/511/407 411/503/400
f 415/332/285 407/326/279 410/333/286
f 503/510/406 420/334/287 499/511/407
f 504/512/408 417/513/409 414/514/284
f 503/510/406 417/515/409 419/335/288
f 417/515/409 505/516/410 419/335/288
f 508/517/411 505/518/410 504/512/408
f 508/517/411 504/512/408 510/519/412
f 513/520/413 507/521/414 508/517/411
f 543/522/415 512/523/416 515/524/417
f 512/523/416 710/525/418 515/524/417
f 422/526/419 513/520/413 508/517/411
f 518/527/420 511/528/421 298/529/422
f 513/530/413 521/531/423 517/532/424
f 520/533/425 517/534/424 521/535/423
f 425/536/292 521/537/423 422/538/419
f 529/338/291 423/539/426 524/540/427
f 424/541/428 520/542/425 521/543/423
f 424/544/428 528/545/429 522/546/430
f 426/547/431 424/541/428 425/548/292
f 528/545/429 426/549/431 427/550/432
f 427/551/432 426/547/431 203/552/433
f 530/553/434 426/554/431 529/338/291
f 529/338/291 646/555/435 530/553/434
f 203/556/433 532/557/436 427/550/432
f 210/137/123 305/244/211 428/340/293
f 310/241/208 218/347/209 217/558/437
f 311/243/210 430/247/214 560/559/438
f 434/354/302 436/359/305 535/560/439
f 436/359/305 536/561/440 535/560/439
f 233/153/139 322/260/225 234/154/140
f 45/562/441 46/563/442 358/289/250
f 538/564/443 182/121/108 539/565/444
f 482/566/445 485/567/380 481/568/446
f 490/323/276 401/487/388 491/488/389
f 415/332/285 414/331/284 417/515/409
f 513/520/413 517/569/424 507/570/414
f 540/571/447 525/572/448 522/546/430
f 13/573/449 542/574/450 532/557/436
f 530/575/434 531/576/451 203/552/433
f 208/139/125 547/577/452 128/578/453
f 301/235/203 205/579/122 300/580/454
f 305/244/211 311/243/210 428/340/293
f 553/581/455 259/169/152 99/171/95
f 556/582/456 538/583/443 555/584/457
f 519/585/458 517/532/424 522/546/430
f 541/586/459 427/550/432 542/574/450
f 542/574/450 427/550/432 532/557/436
f 64/35/32 559/587/460 136/588/461
f 428/340/293 560/589/438 304/238/205
f 217/558/437 218/347/209 308/342/295
f 343/275/239 347/274/238 561/590/462
f 562/591/463 44/164/149 589/592/464
f 567/593/465 6/594/466 723/595/467
f 348/277/241 350/414/342 458/413/341
f 99/171/95 562/591/463 553/581/455
f 466/596/468 3/5/2 553/597/455
f 569/598/469 367/599/255 538/583/443
f 557/600/470 569/598/469 556/582/456
f 557/600/470 570/601/471 569/598/469
f 570/601/471 473/602/472 474/603/473
f 572/604/474 573/605/475 279/606/190
f 515/607/417 710/608/418 720/609/476
f 578/610/477 299/231/201 207/134/120
f 583/611/478 584/612/479 82/55/51
f 349/613/480 587/614/481 561/590/462
f 537/615/482 589/616/464 551/617/483
f 361/618/251 552/619/162 459/620/484
f 261/621/161 554/622/485 537/615/482
f 554/622/485 562/623/463 589/616/464
f 279/606/190 2/624/65 572/604/474
f 591/625/486 494/626/487 726/627/488
f 592/628/489 728/629/490 591/625/486
f 598/630/491 558/631/492 599/632/493
f 578/633/477 746/634/494 299/635/201
f 581/636/495 603/637/496 604/638/497
f 583/611/478 603/637/496 606/639/498
f 583/611/478 606/639/498 645/640/499
f 349/613/480 561/590/462 455/641/500
f 562/623/463 554/622/485 553/597/455
f 553/597/455 3/5/2 608/642/501
f 553/581/455 608/643/501 259/169/152
f 590/644/502 614/645/503 474/603/473
f 555/584/457 538/583/443 615/646/504
f 617/647/505 616/648/506 715/649/507
f 20/650/508 206/80/71 211/651/509
f 129/652/510 211/651/509 624/86/75
f 744/653/511 746/634/494 579/654/512
f 579/654/512 559/587/460 744/653/511
f 559/587/460 62/34/31 744/653/511
f 744/655/511 62/83/31 130/81/72
f 307/656/513 133/657/514 22/658/515
f 22/658/515 133/657/514 625/659/516
f 136/660/461 626/661/517 625/659/516
f 70/89/78 219/145/131 139/146/132
f 67/37/34 66/36/33 623/662/518
f 672/663/519 602/664/520 627/665/521
f 627/665/521 72/41/38 628/666/522
f 628/666/522 66/667/33 626/668/517
f 623/662/518 141/669/523 67/37/34
f 28/47/43 143/670/524 27/671/525
f 143/670/524 28/47/43 631/46/42
f 633/672/526 30/49/45 632/673/527
f 146/674/137 634/675/528 632/673/527
f 631/46/42 146/151/137 632/676/527
f 238/677/529 31/678/44 76/679/530
f 76/679/530 31/678/44 75/680/47
f 36/681/531 76/679/530 33/18/15
f 81/682/50 83/683/52 331/684/532
f 79/685/533 331/684/532 84/686/534
f 86/91/80 638/687/535 83/683/52
f 84/686/534 83/683/52 638/687/535
f 37/96/85 152/688/536 638/687/535
f 86/91/80 38/97/86 638/687/535
f 39/23/20 86/91/80 87/90/79
f 88/689/537 639/690/538 40/21/18
f 47/691/90 96/282/245 43/692/539
f 7/66/6 111/65/59 9/693/7
f 188/694/109 17/695/182 112/696/184
f 188/123/109 112/213/184 52/204/177
f 115/68/61 114/67/60 118/125/111
f 673/697/540 611/698/541 709/699/542
f 191/124/110 53/126/112 275/700/543
f 56/70/29 118/125/111 114/67/60
f 120/701/544 18/16/13 117/702/545
f 194/77/68 277/703/546 57/78/69
f 59/704/547 57/78/69 58/705/548
f 124/706/549 60/707/196 125/708/550
f 127/709/551 196/229/197 60/707/196
f 61/710/199 290/224/195 196/226/197
f 290/224/195 197/132/118 289/131/117
f 61/710/199 197/132/118 290/224/195
f 416/711/403 198/330/283 295/712/404
f 212/234/127 209/713/126 129/652/510
f 209/140/126 208/139/125 21/714/552
f 631/46/42 319/368/313 143/670/524
f 78/53/49 642/715/553 636/716/554
f 34/19/16 33/18/15 74/717/46
f 582/718/555 444/719/556 643/720/557
f 549/721/558 644/722/559 643/720/557
f 82/55/51 584/612/479 85/723/81
f 355/724/560 361/292/251 459/725/484
f 187/726/561 465/445/357 370/727/562
f 4/6/3 3/5/2 465/728/357
f 469/447/359 379/729/563 372/300/258
f 372/300/258 379/729/563 375/308/265
f 10/730/5 19/69/14 17/306/182
f 376/731/564 373/732/565 271/733/181
f 471/734/566 556/582/456 468/735/567
f 388/736/268 275/700/543 53/126/112
f 295/508/404 641/737/568 502/509/405
f 523/337/290 514/738/569 423/539/426
f 514/739/569 425/740/292 422/526/419
f 212/234/127 129/652/510 624/86/75
f 70/89/78 140/741/133 219/145/131
f 226/249/216 144/248/215 225/251/218
f 36/681/531 79/685/533 151/386/327
f 586/742/570 640/743/571 94/744/572
f 351/745/339 358/289/250 46/563/442
f 376/746/564 11/747/573 373/748/565
f 568/749/574 272/750/264 555/584/457
f 17/751/182 8/752/58 7/9/6
f 468/735/567 556/582/456 555/584/457
f 479/468/375 386/313/270 389/312/269
f 198/330/283 294/492/392 292/491/200
f 413/328/281 416/711/403 296/753/575
f 416/507/403 502/754/405 296/755/575
f 297/756/576 298/529/422 511/528/421
f 298/757/422 543/758/415 423/539/426
f 653/759/577 656/760/578 668/761/579
f 530/553/434 646/555/435 531/762/451
f 648/763/580 647/764/581 659/765/582
f 599/632/493 740/766/583 598/630/491
f 646/555/435 650/767/584 531/762/451
f 738/768/585 651/769/586 740/766/583
f 591/625/486 572/604/474 571/770/587
f 499/511/407 574/771/588 670/772/589
f 566/773/590 565/774/591 671/775/592
f 628/666/522 72/41/38 141/776/523
f 559/587/460 672/663/519 136/588/461
f 472/464/373 675/465/374 618/777/593
f 66/36/33 141/669/523 623/662/518
f 666/778/594 716/779/595 715/649/507
f 662/780/596 612/781/597 716/779/595
f 430/247/214 533/782/598 560/559/438
f 534/783/599 533/782/598 430/247/214
f 605/784/600 585/785/601 606/639/498
f 455/641/500 348/277/241 349/613/480
f 582/718/555 676/786/602 315/787/223
f 643/720/557 676/786/602 582/718/555
f 25/39/36 72/41/38 680/788/603
f 605/784/600 6/594/466 567/593/465
f 587/789/481 6/594/466 588/790/604
f 534/791/599 704/792/605 600/793/606
f 682/794/607 534/791/599 600/793/606
f 684/795/608 685/796/609 707/797/610
f 728/629/490 572/604/474 591/625/486
f 81/54/50 637/798/611 82/55/51
f 364/799/612 365/800/613 363/801/256
f 595/802/614 692/803/615 693/804/616
f 735/805/617 694/806/618 597/807/619
f 122/808/620 620/809/621 665/810/622
f 405/500/398 411/503/400 499/511/407
f 567/593/465 723/595/467 671/775/592
f 102/60/56 158/101/89 48/200/173
f 94/744/572 671/775/592 565/774/591
f 72/42/38 71/44/40 141/669/523
f 6/594/466 587/789/481 663/811/623
f 678/812/624 6/594/466 663/811/623
f 632/673/527 634/675/528 633/672/526
f 737/813/625 657/814/626 699/815/627
f 697/816/628 711/817/629 574/818/588
f 442/380/323 329/262/227 446/381/324
f 686/819/630 644/722/559 633/672/526
f 72/41/38 600/793/606 680/788/603
f 627/665/521 600/793/606 72/41/38
f 583/611/478 604/638/497 603/637/496
f 607/820/631 705/821/632 662/780/596
f 713/822/633 158/101/89 566/773/590
f 644/722/559 686/819/630 676/786/602
f 32/823/634 30/49/45 633/672/526
f 32/823/634 633/672/526 549/721/558
f 678/812/624 713/822/633 677/824/635
f 438/363/309 235/367/312 316/825/636
f 699/826/627 543/522/415 515/524/417
f 701/827/637 700/828/638 680/788/603
f 66/667/33 628/666/522 141/776/523
f 577/829/639 689/830/640 596/831/641
f 566/773/590 723/595/467 677/824/635
f 574/818/588 661/832/642 670/833/589
f 48/200/173 158/101/89 563/834/643
f 627/665/521 136/588/461 672/663/519
f 673/697/540 619/835/644 117/702/545
f 682/794/607 533/836/598 534/791/599
f 444/719/556 698/837/645 679/838/646
f 679/838/646 698/837/645 660/839/647
f 578/633/477 579/654/512 746/634/494
f 436/359/305 235/367/312 438/363/309
f 444/719/556 679/838/646 636/716/554
f 737/813/625 725/840/648 546/841/649
f 587/614/481 588/842/604 561/590/462
f 280/843/191 1/844/650 618/845/593
f 102/60/56 100/62/54 15/100/10
f 707/797/610 683/846/651 721/847/652
f 626/668/517 136/588/461 628/666/522
f 578/633/477 303/848/204 579/654/512
f 207/134/120 303/849/204 578/610/477
f 117/702/545 10/8/5 116/850/653
f 585/785/601 153/851/654 606/639/498
f 78/53/49 636/716/554 81/54/50
f 726/627/488 594/852/655 593/853/656
f 564/854/657 48/200/173 563/834/643
f 158/101/89 160/103/91 566/773/590
f 548/855/658 560/856/438 533/836/598
f 635/857/659 604/638/497 583/611/478
f 567/593/465 640/743/571 586/742/570
f 18/16/13 10/8/5 117/702/545
f 664/858/660 687/859/661 667/860/662
f 701/827/637 438/861/309 601/862/663
f 561/590/462 452/398/335 343/275/239
f 347/274/238 455/641/500 561/590/462
f 614/645/503 569/598/469 570/601/471
f 548/855/658 580/863/664 560/856/438
f 446/381/324 445/392/331 660/864/647
f 349/613/480 365/800/613 364/799/612
f 642/715/553 78/53/49 34/865/16
f 677/824/635 6/594/466 678/812/624
f 602/664/520 533/836/598 682/794/607
f 608/642/501 173/866/104 259/867/152
f 5/7/4 173/866/104 608/642/501
f 696/868/665 420/869/287 506/870/666
f 12/871/667 731/872/668 674/873/669
f 616/648/506 12/871/667 673/697/540
f 223/246/213 535/560/439 534/783/599
f 580/863/664 304/874/205 560/856/438
f 73/875/41 25/39/36 634/675/528
f 700/828/638 701/827/637 601/862/663
f 676/786/602 643/720/557 644/722/559
f 724/876/670 444/719/556 636/716/554
f 747/877/671 205/136/122 204/135/121
f 44/164/149 46/878/442 45/879/441
f 161/163/92 46/878/442 44/164/149
f 607/820/631 563/834/643 663/811/623
f 618/845/593 590/880/502 474/881/473
f 166/14/11 15/13/10 100/58/54
f 572/604/474 708/882/672 729/883/673
f 724/876/670 636/716/554 642/715/553
f 82/55/51 637/798/611 583/611/478
f 49/27/24 101/59/55 51/29/26
f 616/648/506 673/697/540 715/649/507
f 428/340/293 311/243/210 560/589/438
f 662/780/596 613/884/674 612/781/597
f 447/885/675 635/886/659 445/392/331
f 704/792/605 701/827/637 600/793/606
f 601/862/663 438/861/309 686/819/630
f 663/811/623 563/834/643 713/822/633
f 620/809/621 280/843/191 722/887/676
f 265/888/169 179/192/164 182/191/108
f 428/340/293 304/238/205 207/134/120
f 234/154/140 315/258/223 688/889/677
f 446/381/324 698/890/645 444/891/556
f 445/392/331 635/886/659 660/864/647
f 580/863/664 303/848/204 304/874/205
f 579/654/512 303/848/204 580/863/664
f 625/659/516 65/892/678 136/660/461
f 728/629/490 291/227/198 127/709/551
f 679/838/646 714/893/679 636/716/554
f 660/839/647 714/893/679 679/838/646
f 438/861/309 316/894/636 686/819/630
f 538/583/443 367/599/255 182/895/108
f 587/614/481 349/613/480 364/799/612
f 176/118/105 175/122/9 181/120/107
f 712/896/680 705/897/632 363/801/256
f 613/898/674 705/821/632 712/899/680
f 728/629/490 708/882/672 572/604/474
f 577/829/639 596/831/641 717/900/681
f 599/632/493 544/901/682 532/902/436
f 680/788/603 550/903/683 25/39/36
f 94/744/572 640/743/571 671/775/592
f 179/186/164 104/440/170 366/187/165
f 62/34/31 559/587/460 64/35/32
f 502/904/405 710/905/418 296/906/575
f 312/245/212 430/247/214 218/242/209
f 494/626/487 405/907/398 726/627/488
f 543/522/415 699/826/627 657/908/626
f 32/823/634 74/50/46 30/49/45
f 470/909/364 380/910/684 379/911/563
f 471/734/566 380/910/684 470/909/364
f 740/766/583 599/632/493 650/912/584
f 501/913/685 595/802/614 706/914/686
f 636/716/554 637/798/611 81/54/50
f 566/773/590 160/103/91 565/774/591
f 622/915/687 711/817/629 734/916/688
f 734/916/688 732/917/689 707/797/610
f 223/246/213 534/783/599 430/247/214
f 399/76/67 286/75/66 397/480/385
f 582/718/555 443/918/325 444/719/556
f 493/919/394 494/626/487 591/625/486
f 15/100/10 16/104/12 158/101/89
f 385/467/368 480/461/370 475/460/363
f 613/920/674 367/599/255 569/598/469
f 438/861/309 701/827/637 437/921/308
f 365/800/613 458/413/341 363/801/256
f 548/855/658 602/664/520 672/663/519
f 447/885/675 448/391/330 452/398/335
f 698/837/645 446/922/324 660/839/647
f 662/780/596 705/821/632 613/898/674
f 75/680/47 74/717/46 33/18/15
f 378/449/360 374/305/263 274/450/186
f 133/657/514 134/84/73 132/923/690
f 307/656/513 134/84/73 133/657/514
f 85/723/81 584/612/479 645/640/499
f 291/227/198 196/229/197 127/709/551
f 58/924/548 124/706/549 125/708/550
f 708/882/672 126/925/691 729/883/673
f 325/259/224 442/380/323 443/382/325
f 580/863/664 672/663/519 559/587/460
f 121/71/62 126/925/691 124/706/549
f 158/101/89 16/104/12 160/103/91
f 16/15/12 95/112/99 47/691/90
f 287/223/194 59/704/547 125/926/550
f 675/927/374 280/843/191 618/845/593
f 324/261/226 328/383/322 329/262/227
f 48/928/173 263/194/168 51/29/26
f 259/929/152 173/930/104 174/931/106
f 88/689/537 40/21/18 153/932/654
f 236/933/692 148/934/693 237/935/694
f 443/918/325 582/718/555 325/936/224
f 290/224/195 287/223/194 60/225/196
f 610/198/171 611/698/541 673/697/540
f 48/200/173 609/937/695 611/698/541
f 581/636/495 695/938/696 635/857/659
f 22/658/515 137/939/697 307/656/513
f 434/354/302 535/560/439 223/246/213
f 77/940/48 81/682/50 331/684/532
f 348/277/241 455/641/500 346/273/237
f 163/287/248 162/106/93 161/105/92
f 442/380/323 325/259/224 329/262/227
f 12/871/667 1/844/650 731/872/668
f 420/869/287 696/868/665 574/818/588
f 326/375/320 324/377/226 440/373/318
f 462/941/351 177/942/166 178/444/257
f 689/830/640 593/853/656 594/852/655
f 605/784/600 606/639/498 603/637/496
f 640/743/571 567/593/465 671/775/592
f 622/915/687 707/797/610 721/847/652
f 324/261/226 329/262/227 325/259/224
f 444/891/556 443/382/325 446/381/324
f 447/885/675 581/943/495 635/886/659
f 447/885/675 452/398/335 581/943/495
f 657/944/626 545/945/698 659/946/582
f 607/820/631 364/947/612 705/821/632
f 663/811/623 364/947/612 607/820/631
f 686/819/630 688/948/677 676/786/602
f 688/948/677 686/819/630 316/894/636
f 691/949/699 594/852/655 726/627/488
f 596/831/641 691/949/699 670/833/589
f 564/854/657 609/937/695 48/200/173
f 193/217/188 195/79/70 285/221/192
f 616/648/506 617/647/505 590/880/502
f 377/950/700 382/448/185 381/451/361
f 378/449/360 382/448/185 377/950/700
f 618/845/593 12/871/667 616/648/506
f 1/844/650 12/871/667 618/845/593
f 647/951/581 543/522/415 657/908/626
f 583/611/478 714/893/679 635/857/659
f 636/716/554 714/893/679 637/798/611
f 498/495/395 491/488/389 496/489/390
f 166/14/11 171/26/23 167/111/98
f 26/952/37 629/43/39 72/42/38
f 5/7/4 175/12/9 173/953/104
f 332/263/228 334/954/231 335/264/229
f 205/579/122 547/577/452 300/580/454
f 614/645/503 570/601/471 474/603/473
f 457/955/244 356/956/344 350/414/342
f 562/591/463 99/171/95 164/165/97
f 88/957/537 91/958/701 639/959/538
f 94/960/572 91/961/701 88/962/537
f 501/963/685 502/964/405 576/965/702
f 160/103/91 159/161/147 565/774/591
f 548/855/658 672/663/519 580/863/664
f 27/671/525 24/88/77 630/87/76
f 261/621/161 462/966/351 554/622/485
f 369/436/349 462/967/351 261/968/161
f 166/14/11 49/27/24 171/26/23
f 116/850/653 9/10/7 108/202/175
f 595/802/614 576/965/702 717/900/681
f 263/194/168 267/969/174 107/63/57
f 548/855/658 533/836/598 602/664/520
f 409/506/402 408/970/278 404/502/399
f 2/74/65 492/971/703 571/972/587
f 2/624/65 571/770/587 572/604/474
f 598/630/491 690/973/704 558/631/492
f 588/790/604 605/784/600 603/637/496
f 437/362/308 534/783/599 536/561/440
f 31/678/44 238/677/529 29/974/705
f 113/212/183 109/216/187 52/204/177
f 396/322/275 284/476/383 488/320/274
f 662/780/596 564/854/657 607/820/631
f 205/579/122 305/975/211 210/976/123
f 306/344/297 305/975/211 301/235/203
f 463/977/355 185/978/706 274/215/186
f 363/801/256 353/415/343 360/979/348
f 458/413/341 353/415/343 363/801/256
f 451/272/236 344/401/336 340/396/333
f 118/125/111 192/127/113 53/126/112
f 363/801/256 705/897/632 364/799/612
f 161/105/92 164/110/97 165/109/96
f 412/329/282 504/512/408 414/514/284
f 331/684/532 79/685/533 77/940/48
f 25/39/36 28/980/43 26/40/37
f 200/981/119 576/965/702 502/964/405
f 354/423/346 457/281/244 251/284/247
f 167/111/98 171/26/23 172/175/157
f 671/775/592 723/595/467 566/773/590
f 142/982/707 229/254/219 23/253/136
f 677/824/635 713/822/633 566/773/590
f 287/223/194 195/79/70 59/704/547
f 437/362/308 536/561/440 436/359/305
f 115/68/61 113/212/183 112/213/184
f 234/154/140 316/825/636 235/367/312
f 688/889/677 316/825/636 234/154/140
f 124/706/549 127/709/551 60/707/196
f 450/397/334 449/394/332 338/269/234
f 79/685/533 36/681/531 35/20/17
f 638/687/535 38/97/86 37/96/85
f 70/89/78 24/88/77 140/741/133
f 317/358/304 436/359/305 313/256/221
f 31/48/44 29/983/705 30/49/45
f 77/52/48 34/865/16 78/53/49
f 501/984/685 710/525/418 502/985/405
f 669/986/708 576/965/702 201/987/709
f 606/639/498 153/851/654 645/640/499
f 674/873/669 619/835/644 673/697/540
f 50/30/27 52/204/177 184/28/25
f 2/74/65 399/76/67 492/971/703
f 179/192/164 258/185/163 176/193/105
f 612/781/597 617/647/505 716/779/595
f 356/419/344 352/988/710 353/420/343
f 460/427/347 352/988/710 356/419/344
f 703/989/711 622/915/687 702/990/712
f 706/914/686 721/847/652 720/609/476
f 227/357/303 144/248/215 228/991/307
f 199/992/115 295/712/404 198/330/283
f 67/37/34 139/146/132 68/38/35
f 277/993/546 120/701/544 119/73/64
f 175/12/9 539/994/444 181/995/107
f 559/587/460 579/654/512 580/863/664
f 284/996/383 286/75/66 395/477/384
f 279/606/190 573/605/475 280/843/191
f 43/692/539 159/997/147 47/691/90
f 264/295/254 265/196/169 182/298/108
f 67/37/34 69/998/713 139/146/132
f 141/669/523 69/998/713 67/37/34
f 110/203/176 52/204/177 109/216/187
f 440/373/318 233/999/139 321/371/316
f 627/665/521 602/664/520 600/793/606
f 605/784/600 588/790/604 6/594/466
f 45/879/441 589/592/464 44/164/149
f 551/617/483 589/616/464 45/562/441
f 255/172/154 361/292/251 256/173/155
f 191/124/110 190/309/266 109/216/187
f 159/161/147 43/1000/539 565/774/591
f 714/893/679 660/839/647 635/857/659
f 206/80/71 63/82/30 211/651/509
f 464/302/260 266/439/354 368/438/353
f 383/452/362 386/313/270 478/462/371
f 619/835/644 122/808/620 120/701/544
f 118/125/111 277/703/546 192/127/113
f 457/955/244 350/414/342 348/277/241
f 412/329/282 413/328/281 504/512/408
f 604/638/497 635/857/659 695/938/696
f 85/92/81 83/683/52 82/1001/51
f 710/608/418 501/913/685 706/914/686
f 421/336/289 516/1002/714 621/1003/715
f 583/611/478 637/798/611 714/893/679
f 408/325/278 403/327/280 404/1004/399
f 22/658/515 625/659/516 626/661/517
f 224/351/300 223/350/213 312/346/212
f 234/154/140 317/358/304 232/255/220
f 673/697/540 116/850/653 610/198/171
f 124/706/549 58/924/548 123/72/63
f 332/387/228 241/156/142 333/267/232
f 624/86/75 132/923/690 134/84/73
f 101/1005/55 100/62/54 51/61/26
f 448/391/330 447/885/675 445/392/331
f 37/96/85 154/95/84 152/688/536
f 150/385/326 148/934/693 149/1006/716
f 242/265/230 337/395/329 334/266/231
f 588/790/604 603/637/496 561/1007/462
f 561/1007/462 603/637/496 581/636/495
f 271/1008/181 568/749/574 376/746/564
f 610/198/171 116/850/653 108/202/175
f 392/314/271 193/217/188 282/479/273
f 744/653/511 130/1009/72 745/1010/717
f 403/327/280 496/489/390 404/1004/399
f 278/218/189 487/474/381 2/74/65
f 41/24/21 155/93/82 38/97/86
f 381/451/361 469/447/359 377/950/700
f 83/683/52 84/686/534 331/684/532
f 712/896/680 367/599/255 613/920/674
f 693/804/616 703/989/711 702/990/712
f 632/673/527 30/49/45 29/983/705
f 492/1011/703 591/625/486 571/770/587
f 387/456/366 473/602/472 476/457/367
f 336/388/328 244/393/233 338/269/234
f 161/163/92 351/1012/339 46/878/442
f 248/1013/148 351/1012/339 161/163/92
f 565/1014/591 91/961/701 94/960/572
f 420/334/287 574/771/588 499/511/407
f 349/613/480 348/277/241 458/413/341
f 309/341/294 217/558/437 308/342/295
f 137/939/697 14/1015/718 138/144/130
f 581/636/495 604/638/497 695/938/696
f 534/783/599 535/560/439 536/561/440
f 85/92/81 86/91/80 83/683/52
f 720/609/476 710/608/418 706/914/686
f 80/159/145 152/688/536 154/95/84
f 295/508/404 199/129/115 641/737/568
f 95/112/99 16/15/12 166/14/11
f 327/378/321 324/377/226 326/375/320
f 330/157/143 241/156/142 239/1016/719
f 239/1016/719 326/375/320 323/374/319
f 297/756/576 512/1017/416 298/529/422
f 590/880/502 618/845/593 616/648/506
f 562/591/463 164/165/97 44/164/149
f 550/903/683 633/672/526 634/675/528
f 457/281/244 454/280/243 251/284/247
f 104/197/170 106/304/262 105/303/261
f 265/196/169 106/304/262 104/197/170
f 300/580/454 547/577/452 208/139/125
f 293/498/397 401/497/388 489/483/386
f 600/793/606 602/664/520 682/794/607
f 267/969/174 9/693/7 111/65/59
f 576/965/702 200/981/119 201/987/709
f 165/109/96 99/108/95 169/114/101
f 218/242/209 430/247/214 311/243/210
f 561/590/462 581/943/495 452/398/335
f 365/800/613 349/613/480 458/413/341
f 649/1018/720 685/796/609 684/795/608
f 703/989/711 711/817/629 622/915/687
f 202/1019/721 423/539/426 543/758/415
f 555/584/457 615/646/504 568/749/574
f 24/88/77 142/982/707 140/741/133
f 613/898/674 569/1020/469 614/1021/503
f 137/939/697 135/85/74 134/84/73
f 668/761/579 654/1022/722 655/1023/723
f 656/760/578 654/1022/722 668/761/579
f 710/525/418 297/1024/576 296/1025/575
f 280/843/191 620/809/621 1/844/650
f 282/318/273 488/320/274 281/316/272
f 398/324/277 491/488/389 493/494/394
f 346/273/237 455/641/500 347/274/238
f 171/26/23 183/293/252 172/175/157
f 659/765/582 740/1026/583 648/763/580
f 187/1027/561 103/441/179 186/1028/178
f 366/187/165 103/441/179 187/1027/561
f 412/329/282 414/514/284 500/504/401
f 314/356/222 313/1029/221 434/355/302
f 287/1030/194 125/708/550 60/707/196
f 449/394/332 340/1031/333 337/395/329
f 450/397/334 340/1031/333 449/394/332
f 476/457/367 471/734/566 475/460/363
f 715/649/507 716/779/595 617/647/505
f 22/658/515 626/661/517 66/36/33
f 230/365/310 231/1032/306 318/1033/314
f 219/145/131 222/1034/135 215/142/128
f 274/450/186 374/305/263 463/442/355
f 315/787/223 676/786/602 688/948/677
f 712/896/680 363/1035/256 367/599/255
f 418/1036/724 296/753/575 297/756/576
f 413/328/281 296/753/575 418/1036/724
f 77/940/48 79/685/533 35/20/17
f 600/793/606 701/827/637 680/788/603
f 550/903/683 700/828/638 601/862/663
f 467/11/8 615/646/504 539/994/444
f 376/746/564 615/646/504 467/11/8
f 281/316/272 484/471/378 389/312/269
f 702/990/712 721/847/652 706/914/686
f 267/201/174 268/199/172 108/202/175
f 205/579/122 301/235/203 305/975/211
f 476/457/367 473/602/472 471/734/566
f 92/57/53 157/99/88 42/25/22
f 250/412/340 254/1037/103 253/1038/158
f 472/464/373 618/777/593 474/603/473
f 512/523/416 297/1024/576 710/525/418
f 280/220/191 675/465/374 387/456/366
f 10/8/5 9/10/7 116/850/653
f 537/615/482 554/622/485 589/616/464
f 246/115/102 95/112/99 167/111/98
f 590/644/502 612/1039/597 614/645/503
f 614/645/503 612/1039/597 613/1040/674
f 401/487/388 496/489/390 491/488/389
f 461/437/352 266/439/354 362/433/350
f 65/892/678 133/657/514 132/923/690
f 211/651/509 129/652/510 20/650/508
f 472/464/373 474/603/473 473/602/472
f 387/456/366 391/1041/725 394/1042/726
f 122/808/620 665/810/622 121/71/62
f 351/410/339 249/167/94 359/166/150
f 545/1043/698 738/768/585 659/1044/582
f 332/387/228 333/267/232 334/266/231
f 543/1045/415 298/1046/422 512/1047/416
f 435/250/217 433/352/301 432/148/134
f 656/760/578 653/759/577 621/1048/715
f 518/527/420 514/739/569 511/528/421
f 487/474/381 394/1042/726 395/477/384
f 399/76/67 397/480/385 490/323/276
f 538/583/443 556/582/456 569/598/469
f 25/39/36 73/875/41 28/980/43
f 737/813/625 664/858/660 725/840/648
f 691/949/699 726/627/488 405/907/398
f 312/346/212 310/241/208 221/348/298
f 260/294/253 370/1049/562 169/114/101
f 681/1050/727 126/925/691 121/71/62
f 286/75/66 2/74/65 487/474/381
f 172/175/157 368/1051/353 253/176/158
f 269/1052/358 368/1051/353 172/175/157
f 309/341/294 310/241/208 217/558/437
f 426/554/431 425/339/292 529/338/291
f 390/466/372 482/1053/445 480/461/370
f 170/291/153 260/294/253 169/114/101
f 473/602/472 387/456/366 472/464/373
f 289/131/117 287/223/194 290/224/195
f 143/670/524 229/254/219 142/982/707
f 77/940/48 35/20/17 34/19/16
f 731/872/668 122/808/620 619/835/644
f 509/1054/728 507/1055/414 519/585/458
f 713/822/633 563/834/643 158/101/89
f 439/364/138 227/357/303 230/365/310
f 539/565/444 615/1056/504 538/564/443
f 633/672/526 550/903/683 686/819/630
f 634/675/528 25/39/36 550/903/683
f 90/1057/729 345/402/337 342/1058/730
f 54/128/114 192/127/113 194/77/68
f 502/1059/405 641/737/568 200/133/119
f 54/128/114 193/217/188 392/314/271
f 411/503/400 403/327/280 407/326/279
f 539/1060/444 182/1061/108 181/1062/107
f 342/1058/730 451/272/236 339/271/235
f 345/402/337 451/272/236 342/1058/730
f 550/903/683 680/788/603 700/828/638
f 686/819/630 550/903/683 601/862/663
f 341/1063/146 342/1058/730 156/270/83
f 90/1057/729 342/1058/730 341/1063/146
f 189/1064/731 383/452/362 382/448/185
f 384/1065/267 383/452/362 189/1064/731
f 340/399/333 344/400/336 343/275/239
f 644/722/559 549/721/558 633/672/526
f 329/262/227 335/264/229 446/381/324
f 375/308/265 379/729/563 380/1066/684
f 567/593/465 586/742/570 652/1067/732
f 410/505/286 500/504/401 414/514/284
f 119/73/64 123/72/63 58/924/548
f 56/70/29 55/1068/28 277/703/546
f 269/1052/358 184/28/25 185/978/706
f 620/809/621 722/887/676 665/810/622
f 572/604/474 729/883/673 573/605/475
f 681/1050/727 727/1069/733 665/810/622
f 495/493/393 494/1070/487 493/494/394
f 283/475/382 483/470/377 484/471/378
f 191/124/110 275/700/543 384/310/267
f 456/276/240 457/955/244 348/277/241
f 684/795/608 687/859/661 664/858/660
f 522/546/430 517/532/424 520/1071/425
f 731/872/668 619/835/644 674/873/669
f 643/720/557 74/50/46 549/721/558
f 140/741/133 222/1034/135 219/145/131
f 514/739/569 508/517/411 510/519/412
f 630/87/76 26/1072/37 27/671/525
f 437/362/308 704/1073/605 534/783/599
f 701/827/637 704/792/605 437/921/308
f 145/370/315 236/933/692 237/935/694
f 558/631/492 597/1074/619 544/901/682
f 651/769/586 738/768/585 739/1075/734
f 224/351/300 312/346/212 221/348/298
f 319/368/313 145/370/315 231/360/306
f 496/489/390 406/496/396 498/495/395
f 85/723/81 645/640/499 87/1076/79
f 152/688/536 80/159/145 84/686/534
f 519/585/458 516/1002/714 421/336/289
f 132/923/690 624/86/75 131/1077/735
f 525/572/448 736/1078/736 516/1002/714
f 43/1000/539 639/959/538 91/958/701
f 387/456/366 394/1042/726 486/472/379
f 59/704/547 195/79/70 57/78/69
f 65/892/678 63/82/30 64/1079/32
f 708/882/672 728/629/490 126/925/691
f 271/208/181 373/1080/565 186/205/178
f 268/199/172 610/198/171 108/202/175
f 48/928/173 268/1081/172 263/194/168
f 69/998/713 630/87/76 70/89/78
f 583/611/478 645/640/499 584/612/479
f 170/291/153 169/114/101 99/108/95
f 346/273/237 343/275/239 344/400/336
f 587/789/481 364/1082/612 663/811/623
f 129/652/510 21/1083/552 20/650/508
f 178/299/257 169/114/101 370/1049/562
f 565/1014/591 43/1084/539 91/961/701
f 575/1085/737 61/228/199 291/227/198
f 117/702/545 619/835/644 120/701/544
f 417/513/409 504/512/408 505/518/410
f 479/468/375 478/462/371 386/313/270
f 247/1086/246 157/99/88 246/1087/102
f 143/670/524 24/88/77 27/671/525
f 554/622/485 462/966/351 371/1088/356
f 508/517/411 507/521/414 505/518/410
f 71/44/40 629/43/39 630/87/76
f 216/345/129 429/239/206 309/341/294
f 88/1089/537 586/742/570 94/744/572
f 21/1083/552 129/652/510 209/713/126
f 134/84/73 307/656/513 137/939/697
f 406/496/396 403/327/280 411/503/400
f 524/540/427 423/539/426 202/1019/721
f 405/500/398 494/1070/487 495/493/393
f 683/846/651 707/797/610 685/796/609
f 709/699/542 666/778/594 715/649/507
f 666/778/594 564/854/657 716/779/595
f 149/1006/716 236/933/692 76/679/530
f 148/934/693 236/933/692 149/1006/716
f 439/364/138 232/1090/220 227/357/303
f 7/9/6 10/8/5 17/751/182
f 371/443/356 462/941/351 178/444/257
f 215/1091/128 220/240/207 429/239/206
f 270/301/259 264/295/254 266/439/354
f 265/196/169 264/295/254 270/301/259
f 241/156/142 328/379/322 327/378/321
f 228/991/307 230/365/310 227/357/303
f 28/47/43 27/671/525 26/1072/37
f 288/130/116 292/1092/200 400/222/193
f 75/680/47 33/18/15 76/679/530
f 21/714/552 208/139/125 128/578/453
f 389/315/269 388/1093/268 54/128/114
f 487/474/381 486/472/379 394/1042/726
f 245/406/338 90/1057/729 89/404/87
f 269/1052/358 172/175/157 184/28/25
f 156/270/83 342/1058/730 339/271/235
f 214/236/202 302/343/296 306/344/297
f 318/1033/314 321/371/316 320/366/311
f 483/1094/377 395/477/384 485/1095/380
f 283/1096/382 395/477/384 483/1094/377
f 70/89/78 139/146/132 69/998/713
f 591/625/486 726/627/488 592/628/489
f 444/719/556 724/876/670 643/720/557
f 102/60/56 48/200/173 51/61/26
f 179/192/164 180/183/159 258/185/163
f 718/1097/738 735/805/617 733/1098/739
f 454/280/243 456/279/240 345/402/337
f 605/784/600 567/593/465 652/1067/732
f 244/393/233 156/270/83 338/269/234
f 136/588/461 65/1099/678 64/35/32
f 263/194/168 268/1081/172 267/969/174
f 440/373/318 322/1100/225 233/999/139
f 471/734/566 557/600/470 556/582/456
f 632/676/527 147/1101/740 631/46/42
f 511/528/421 418/1036/724 297/756/576
f 510/519/412 418/1036/724 511/528/421
f 409/1102/402 410/333/286 408/1103/278
f 488/320/274 484/471/378 281/316/272
f 168/113/100 97/422/345 165/109/96
f 73/875/41 634/675/528 146/674/137
f 648/1104/580 740/766/583 658/1105/741
f 34/865/16 643/720/557 724/876/670
f 74/50/46 643/720/557 34/865/16
f 74/50/46 32/823/634 549/721/558
f 341/1063/146 89/404/87 90/1057/729
f 14/1015/718 68/38/35 139/146/132
f 148/1106/693 323/374/319 237/1107/694
f 730/1108/742 699/815/627 515/607/417
f 386/313/270 276/459/369 388/311/268
f 119/73/64 58/924/548 277/993/546
f 627/665/521 628/666/522 136/588/461
f 109/216/187 189/1109/731 382/214/185
f 190/309/266 189/1109/731 109/216/187
f 527/1110/743 526/1111/744 525/572/448
f 19/69/14 115/68/61 112/213/184
f 302/343/296 214/236/202 135/1112/74
f 267/969/174 111/65/59 107/63/57
f 241/156/142 240/155/141 242/265/230
f 568/749/574 615/646/504 376/746/564
f 663/811/623 713/822/633 678/812/624
f 607/820/631 564/854/657 563/834/643
f 271/733/181 272/1113/264 568/1114/574
f 321/371/316 233/999/139 439/364/138
f 519/585/458 525/572/448 516/1002/714
f 380/1066/684 272/307/264 375/308/265
f 421/336/289 506/1115/666 420/334/287
f 120/701/544 55/31/28 18/16/13
f 153/851/654 40/1116/18 87/1076/79
f 308/342/295 218/347/209 305/975/211
f 664/858/660 649/1018/720 684/795/608
f 374/305/263 378/449/360 377/950/700
f 461/437/352 253/1038/158 368/438/353
f 148/934/693 150/385/326 239/1117/719
f 731/872/668 1/844/650 122/808/620
f 385/458/368 475/453/363 381/451/361
f 384/1065/267 276/459/369 383/452/362
f 524/540/427 646/555/435 529/338/291
f 370/727/562 465/445/357 178/444/257
f 374/305/263 377/950/700 469/447/359
f 484/471/378 488/320/274 283/475/382
f 327/378/321 239/1016/719 241/156/142
f 575/1085/737 669/986/708 201/987/709
f 11/747/573 467/11/8 4/6/3
f 388/736/268 53/126/112 54/128/114
f 301/235/203 214/236/202 306/344/297
f 625/659/516 133/657/514 65/892/678
f 87/1076/79 40/1116/18 39/1118/20
f 226/249/216 432/148/134 23/150/136
f 372/300/258 375/308/265 105/303/261
f 253/1038/158 461/437/352 354/423/346
f 370/727/562 260/1119/253 187/726/561
f 222/149/135 220/240/207 215/1091/128
f 393/469/376 482/566/445 479/468/375
f 485/473/380 482/566/445 393/469/376
f 189/1109/731 190/309/266 384/310/267
f 29/974/705 238/677/529 147/1101/740
f 459/1120/484 552/1121/162 45/562/441
f 236/933/692 145/370/315 238/677/529
f 191/1122/110 109/1123/187 113/1124/183
f 345/402/337 344/401/336 451/272/236
f 208/139/125 301/235/203 300/580/454
f 402/486/387 489/483/386 284/476/383
f 221/348/298 310/241/208 220/240/207
f 460/1125/347 360/979/348 352/1126/710
f 90/1057/729 245/406/338 345/402/337
f 186/205/178 373/1080/565 11/1127/573
f 345/402/337 456/279/240 453/403/242
f 156/94/83 155/93/82 341/160/146
f 381/451/361 470/454/364 469/447/359
f 507/1055/414 419/335/288 505/516/410
f 266/439/354 264/295/254 362/433/350
f 238/677/529 76/679/530 236/933/692
f 330/157/143 239/1016/719 150/1128/326
f 2/74/65 279/219/190 278/218/189
f 511/528/421 514/739/569 510/519/412
f 422/526/419 508/517/411 514/739/569
f 175/12/9 467/11/8 539/994/444
f 6/594/466 677/824/635 723/595/467
f 119/73/64 122/808/620 121/71/62
f 380/910/684 468/735/567 555/584/457
f 36/681/531 150/385/326 149/1006/716
f 707/797/610 622/915/687 734/916/688
f 668/761/579 696/868/665 653/759/577
f 732/917/689 687/859/661 684/795/608
f 504/512/408 413/328/281 418/1036/724
f 256/173/155 355/724/560 252/168/151
f 135/85/74 212/234/127 624/86/75
f 230/365/310 228/991/307 231/1032/306
f 280/843/191 573/605/475 722/887/676
f 66/36/33 68/38/35 14/1015/718
f 454/280/243 345/402/337 245/406/338
f 426/549/431 528/545/429 424/1129/428
f 110/203/176 274/215/186 185/978/706
f 497/490/391 404/1130/399 496/489/390
f 122/808/620 1/844/650 620/809/621
f 50/30/27 188/123/109 52/204/177
f 529/338/291 523/337/290 423/539/426
f 525/572/448 519/585/458 522/546/430
f 95/112/99 96/282/245 47/691/90
f 354/423/346 251/284/247 250/412/340
f 76/679/530 36/681/531 149/1006/716
f 409/506/402 404/502/399 294/492/392
f 294/492/392 412/329/282 500/504/401
f 141/669/523 71/44/40 69/998/713
f 477/455/365 476/457/367 475/460/363
f 137/939/697 22/658/515 14/1015/718
f 407/326/279 415/332/285 411/503/400
f 362/433/350 356/419/344 354/423/346
f 135/85/74 137/939/697 138/144/130
f 48/200/173 611/698/541 610/198/171
f 564/854/657 666/778/594 609/937/695
f 184/28/25 110/203/176 185/978/706
f 34/865/16 724/876/670 642/715/553
f 216/345/129 302/343/296 135/1112/74
f 509/1054/728 421/336/289 419/335/288
f 481/1131/446 485/1095/380 394/1042/726
f 470/909/364 475/460/363 471/734/566
f 229/254/219 228/361/307 144/252/215
f 142/982/707 23/1132/136 140/741/133
f 558/631/492 735/1133/617 597/1074/619
f 592/628/489 575/1085/737 291/227/198
f 157/99/88 95/112/99 246/115/102
f 237/1107/694 323/374/319 321/371/316
f 277/703/546 118/125/111 56/70/29
f 138/144/130 14/1015/718 139/146/132
f 555/584/457 272/750/264 380/910/684
f 57/78/69 277/703/546 58/705/548
f 337/390/329 335/264/229 334/954/231
f 315/787/223 325/936/224 582/718/555
f 361/292/251 355/724/560 256/173/155
f 255/172/154 168/425/100 257/180/160
f 384/310/267 275/700/543 276/1134/369
f 477/455/365 391/1041/725 387/456/366
f 234/154/140 232/255/220 439/152/138
f 473/602/472 570/601/471 557/600/470
f 213/138/124 301/235/203 208/139/125
f 216/345/129 215/1091/128 429/239/206
f 737/813/625 730/1108/742 649/1018/720
f 699/815/627 730/1108/742 737/813/625
f 729/883/673 126/925/691 681/1050/727
f 576/965/702 669/986/708 577/829/639
f 692/803/615 717/900/681 596/831/641
f 596/831/641 689/830/640 594/852/655
f 575/1085/737 593/853/656 669/986/708
f 592/628/489 593/853/656 575/1085/737
f 599/632/493 532/902/436 203/1135/433
f 153/851/654 87/1076/79 645/640/499
f 293/498/397 489/483/386 402/486/387
f 670/772/589 405/500/398 499/511/407
f 690/973/704 598/630/491 651/769/586
f 664/858/660 690/1136/704 725/840/648
f 43/692/539 93/22/19 639/690/538
f 211/651/509 63/82/30 131/1077/735
f 638/687/535 152/688/536 84/686/534
f 462/941/351 262/431/167 177/942/166
f 306/344/297 308/342/295 305/975/211
f 126/925/691 728/629/490 127/709/551
f 337/390/329 340/399/333 448/391/330
f 93/22/19 40/21/18 639/690/538
f 66/36/33 14/1015/718 22/658/515
f 728/629/490 592/628/489 291/227/198
f 366/187/165 187/1027/561 260/294/253
f 388/1137/268 276/1138/369 275/1139/543
f 525/572/448 540/571/447 527/1110/743
f 202/1019/721 543/758/415 647/764/581
f 41/24/21 38/97/86 39/23/20
f 396/322/275 402/486/387 284/476/383
f 142/982/707 24/88/77 143/670/524
f 482/566/445 481/568/446 480/1140/370
f 293/498/397 402/486/387 294/492/392
f 229/254/219 143/670/524 319/368/313
f 503/510/406 419/335/288 420/334/287
f 585/785/601 605/784/600 652/1067/732
f 371/1088/356 466/596/468 554/622/485
f 79/685/533 80/159/145 151/386/327
f 417/515/409 503/510/406 415/332/285
f 20/650/508 745/1141/717 206/80/71
f 477/455/365 480/461/370 391/1041/725
f 697/816/628 574/818/588 696/868/665
f 86/91/80 39/23/20 38/97/86
f 719/1142/745 596/831/641 661/832/642
f 574/818/588 711/817/629 719/1142/745
f 413/328/281 198/330/283 416/711/403
f 153/851/654 585/785/601 88/1089/537
f 586/742/570 88/1089/537 652/1067/732
f 608/642/501 3/5/2 5/7/4
f 736/1078/736 741/1143/746 656/1144/578
f 557/600/470 471/734/566 473/602/472
f 668/761/579 732/917/689 734/916/688
f 432/148/134 224/351/300 221/348/298
f 310/241/208 309/341/294 429/239/206
f 71/44/40 630/87/76 69/998/713
f 319/368/313 147/1101/740 145/370/315
f 197/132/118 61/710/199 201/1145/709
f 469/447/359 470/454/364 379/729/563
f 318/1033/314 237/1107/694 321/371/316
f 79/685/533 84/686/534 80/159/145
f 558/631/492 544/901/682 599/632/493
f 696/868/665 734/916/688 697/816/628
f 621/1048/715 653/759/577 696/868/665
f 696/868/665 668/761/579 734/916/688
f 711/817/629 697/816/628 734/916/688
f 461/437/352 362/433/350 354/423/346
f 92/57/53 43/692/539 96/282/245
f 93/22/19 43/692/539 92/57/53
f 747/1146/671 547/577/452 205/579/122
f 128/578/453 547/577/452 747/1146/671
f 172/175/157 254/116/103 167/111/98
f 632/676/527 29/974/705 147/1101/740
f 702/990/712 706/914/686 595/802/614
f 111/65/59 188/123/109 107/63/57
f 8/64/58 188/123/109 111/65/59
f 517/532/424 519/585/458 507/1055/414
f 63/82/30 65/892/678 132/923/690
f 629/43/39 26/952/37 630/87/76
f 186/205/178 465/445/357 187/726/561
f 11/1127/573 465/445/357 186/205/178
f 718/1097/738 733/1098/739 655/1023/723
f 667/860/662 690/1136/704 664/858/660
f 742/1147/747 718/1148/738 655/1149/723
f 717/900/681 576/965/702 577/829/639
f 398/324/277 492/971/703 399/76/67
f 521/1150/423 513/520/413 422/526/419
f 665/810/622 722/887/676 573/605/475
f 575/1085/737 201/987/709 61/228/199
f 656/1144/578 516/1002/714 736/1078/736
f 121/71/62 727/1069/733 681/1050/727
f 298/757/422 423/539/426 518/1151/420
f 551/617/483 552/1121/162 537/615/482
f 400/321/193 292/491/200 402/486/387
f 432/148/134 221/348/298 222/149/135
f 318/1033/314 320/366/311 230/365/310
f 692/803/615 719/1142/745 693/804/616
f 669/986/708 689/830/640 577/829/639
f 702/990/712 595/802/614 693/804/616
f 596/831/641 719/1142/745 692/803/615
f 465/1152/357 466/1153/468 371/1154/356
f 3/1155/2 466/1153/468 465/1152/357
f 165/109/96 97/422/345 98/417/156
f 481/1131/446 394/1042/726 391/1041/725
f 36/681/531 151/386/327 150/385/326
f 482/1156/445 390/463/372 479/468/375
f 35/20/17 36/681/531 33/18/15
f 389/312/269 484/471/378 393/469/376
f 481/1157/446 391/1041/725 480/461/370
f 250/412/340 253/1038/158 354/423/346
f 45/562/441 358/289/250 459/1120/484
f 611/698/541 609/937/695 709/699/542
f 463/442/355 269/446/358 185/1158/706
f 277/993/546 55/31/28 120/701/544
f 88/1089/537 585/785/601 652/1067/732
f 716/779/595 564/854/657 662/780/596
f 590/880/502 617/647/505 612/781/597
f 658/1159/741 650/767/584 646/555/435
f 709/699/542 715/649/507 673/697/540
f 732/917/689 668/761/579 687/859/661
f 732/917/689 684/795/608 707/797/610
f 409/506/402 294/492/392 500/504/401
f 524/540/427 202/1019/721 646/555/435
f 711/817/629 703/989/711 693/804/616
f 719/1142/745 661/832/642 574/818/588
f 59/1160/547 58/924/548 125/708/550
f 130/81/72 206/80/71 745/1141/717
f 232/1090/220 314/356/222 227/357/303
f 545/945/698 657/944/626 737/1161/625
f 673/697/540 12/871/667 674/873/669
f 591/625/486 492/1011/703 493/919/394
f 528/545/429 427/550/432 541/586/459
f 117/702/545 116/850/653 673/697/540
f 246/1087/102 250/416/340 247/1086/246
f 689/830/640 669/986/708 593/853/656
f 123/72/63 121/71/62 124/706/549
f 45/562/441 552/1121/162 551/617/483
f 466/596/468 553/597/455 554/622/485
f 730/1108/742 515/607/417 683/846/651
f 493/494/394 492/971/703 398/324/277
f 11/747/573 376/746/564 467/11/8
f 594/852/655 691/949/699 596/831/641
f 596/831/641 670/833/589 661/832/642
f 63/82/30 132/923/690 131/1077/735
f 277/703/546 194/77/68 192/127/113
f 545/1043/698 546/1162/649 738/768/585
f 41/24/21 42/25/22 155/93/82
f 355/724/560 357/424/249 252/168/151
f 599/632/493 203/1135/433 531/1163/451
f 425/740/292 514/739/569 523/1164/290
f 184/28/25 183/293/252 171/26/23
f 122/808/620 119/73/64 120/701/544
f 383/452/362 478/462/371 385/458/368
f 199/129/115 200/133/119 641/737/568
f 485/1095/380 395/477/384 394/1042/726
f 197/132/118 201/1145/709 200/133/119
f 426/1165/431 530/575/434 203/552/433
f 621/1003/715 506/1115/666 421/336/289
f 96/282/245 157/99/88 92/57/53
f 739/1075/734 690/973/704 651/769/586
f 725/1166/648 690/973/704 739/1075/734
f 654/1022/722 742/1167/747 655/1023/723
f 659/1168/582 647/1169/581 657/1170/626
f 696/868/665 506/870/666 621/1048/715
f 225/251/218 227/357/303 435/250/217
f 147/1101/740 319/368/313 631/46/42
f 717/900/681 692/803/615 595/802/614
f 693/804/616 719/1142/745 711/817/629
f 405/907/398 670/833/589 691/949/699
f 124/706/549 126/925/691 127/709/551
f 238/677/529 145/370/315 147/1101/740
f 743/1171/748 541/1172/459 542/1173/450
f 435/250/217 432/148/134 226/249/216
f 609/937/695 666/778/594 709/699/542
f 326/375/320 239/1016/719 327/378/321
f 425/548/292 424/541/428 521/543/423
f 595/802/614 501/913/685 576/965/702
f 650/912/584 658/1105/741 740/766/583
f 380/910/684 471/734/566 468/735/567
f 516/1002/714 656/1144/578 621/1003/715
f 131/1077/735 624/86/75 211/651/509
f 544/1174/682 13/1175/449 532/1176/436
f 664/858/660 737/813/625 649/1018/720
f 740/766/583 651/769/586 598/630/491
f 592/628/489 726/627/488 593/853/656
f 735/1133/617 558/631/492 690/973/704
f 243/389/144 240/155/141 330/157/143
f 520/1071/425 424/544/428 522/546/430
f 514/738/569 518/1151/420 423/539/426
f 145/370/315 237/935/694 318/369/314
f 665/810/622 727/1069/733 121/71/62
f 573/605/475 681/1050/727 665/810/622
f 729/883/673 681/1050/727 573/605/475
f 323/374/319 148/1177/693 239/1016/719
f 4/6/3 465/728/357 11/747/573
f 418/1036/724 510/519/412 504/512/408
f 739/1075/734 546/1162/649 725/1166/648
f 515/607/417 720/609/476 683/846/651
f 721/847/652 702/990/712 622/915/687
f 648/763/580 202/1019/721 647/764/581
f 519/585/458 421/336/289 509/1054/728
f 459/1120/484 358/289/250 357/288/249
f 552/1121/162 261/621/161 537/615/482
f 668/761/579 733/1098/739 667/860/662
f 668/761/579 655/1023/723 733/1098/739
f 694/806/618 735/805/617 718/1097/738
f 735/805/617 690/1136/704 733/1098/739
f 667/860/662 733/1098/739 690/1136/704
f 355/724/560 459/725/484 357/424/249
f 507/1055/414 509/1054/728 419/335/288
f 540/571/447 522/546/430 528/545/429
f 646/1178/435 202/1179/721 648/1104/580
f 683/846/651 720/609/476 721/847/652
f 683/846/651 685/796/609 649/1018/720
f 738/768/585 546/1162/649 739/1075/734
f 546/841/649 545/1180/698 737/813/625
f 658/1105/741 646/1178/435 648/1104/580
f 740/766/583 659/1044/582 738/768/585
f 531/1163/451 650/912/584 599/632/493
f 649/1018/720 730/1108/742 683/846/651
f 667/860/662 687/859/661 668/761/579
f 747/1181/749 204/1182/749 299/1183/749 746/1184/749 744/1185/749 745/1186/749 20/1187/749 21/1188/749 128/1189/749
f 353/420/343 352/988/710 360/979/348
f 176/193/105 258/185/163 174/184/106
f 741/1143/746 736/4/736 527/3/743
f 654/1022/722 656/760/578 742/1167/747
f 656/760/578 741/1143/746 742/1167/747
f 527/3/743 742/1167/747 741/1143/746
f 742/1167/747 527/3/743 718/1148/738
f 527/3/743 540/571/447 718/1148/738
f 540/571/447 528/545/429 718/1148/738
f 528/545/429 541/586/459 718/1148/738
f 541/586/459 743/1171/748 718/1148/738
f 743/1171/748 542/1173/450 718/1148/738
f 718/1148/738 542/1173/450 694/806/618
f 597/807/619 694/806/618 542/1173/450
f 542/1173/450 13/573/449 597/807/619
f 597/807/619 13/573/449 544/1174/682
