mtllib Table .mtl
o Cube
usemtl Material
v -1.2731413841247559 2.958530902862549 0.08814321458339691
v -1.5995173454284668 2.958530902862549 0.08814321458339691
v -1.5995173454284668 -2.958530902862549 0.08814321458339691
v -1.2731413841247559 2.958530902862549 0.08814321458339691
v -1.5995173454284668 -2.958530902862549 0.08814321458339691
v -1.2731413841247559 -2.958530902862549 0.08814321458339691
v -1.5995173454284668 -2.958530902862549 -0.08814321458339691
v -1.5995173454284668 -2.958530902862549 0.08814321458339691
v -1.5995173454284668 2.958530902862549 0.08814321458339691
v -1.5995173454284668 -2.958530902862549 -0.08814321458339691
v -1.5995173454284668 2.958530902862549 0.08814321458339691
v -1.5995173454284668 2.958530902862549 -0.08814321458339691
v 0.917693018913269 2.958530902862549 -0.08814321458339691
v 0.917693018913269 2.958530902862549 0.08814321458339691
v 1.2149968147277832 2.958530902862549 0.08814321458339691
v 0.917693018913269 2.958530902862549 -0.08814321458339691
v 1.2149968147277832 2.958530902862549 0.08814321458339691
v 1.2149968147277832 2.958530902862549 -0.08814321458339691
v 1.5995173454284668 2.958530902862549 -0.08814321458339691
v 1.5995173454284668 2.958530902862549 0.08814321458339691
v 1.5995173454284668 -2.958530902862549 0.08814321458339691
v 1.5995173454284668 2.958530902862549 -0.08814321458339691
v 1.5995173454284668 -2.958530902862549 0.08814321458339691
v 1.5995173454284668 -2.958530902862549 -0.08814321458339691
v 0.917693018913269 2.958530902862549 -0.08814321458339691
v 1.2149968147277832 2.958530902862549 -0.08814321458339691
v 1.2149968147277832 -2.958530902862549 -0.08814321458339691
v 0.917693018913269 2.958530902862549 -0.08814321458339691
v 1.2149968147277832 -2.958530902862549 -0.08814321458339691
v 0.917693018913269 -2.958530902862549 -0.08814321458339691
v 1.5995173454284668 2.958530902862549 0.08814321458339691
v 1.2731413841247559 2.958530902862549 0.08814321458339691
v 1.2731413841247559 -2.958530902862549 0.08814321458339691
v 1.5995173454284668 2.958530902862549 0.08814321458339691
v 1.2731413841247559 -2.958530902862549 0.08814321458339691
v 1.5995173454284668 -2.958530902862549 0.08814321458339691
v -1.5995173454284668 2.958530902862549 -0.08814321458339691
v -1.2731413841247559 2.958530902862549 -0.08814321458339691
v -1.2731413841247559 -2.958530902862549 -0.08814321458339691
v -1.5995173454284668 2.958530902862549 -0.08814321458339691
v -1.2731413841247559 -2.958530902862549 -0.08814321458339691
v -1.5995173454284668 -2.958530902862549 -0.08814321458339691
v -1.2149968147277832 2.958530902862549 -0.08814321458339691
v -0.917693018913269 2.958530902862549 -0.08814321458339691
v -0.917693018913269 -2.958530902862549 -0.08814321458339691
v -1.2149968147277832 2.958530902862549 -0.08814321458339691
v -0.917693018913269 -2.958530902862549 -0.08814321458339691
v -1.2149968147277832 -2.958530902862549 -0.08814321458339691
v -0.8595485687255859 2.958530902862549 -0.08814321458339691
v -0.562244713306427 2.958530902862549 -0.08814321458339691
v -0.562244713306427 -2.958530902862549 -0.08814321458339691
v -0.8595485687255859 2.958530902862549 -0.08814321458339691
v -0.562244713306427 -2.958530902862549 -0.08814321458339691
v -0.8595485687255859 -2.958530902862549 -0.08814321458339691
v -0.5041002631187439 2.958530902862549 -0.08814321458339691
v -0.20679639279842377 2.958530902862549 -0.08814321458339691
v -0.20679639279842377 -2.958530902862549 -0.08814321458339691
v -0.5041002631187439 2.958530902862549 -0.08814321458339691
v -0.20679639279842377 -2.958530902862549 -0.08814321458339691
v -0.5041002631187439 -2.958530902862549 -0.08814321458339691
v -0.14865191280841827 2.958530902862549 -0.08814321458339691
v 0.14865191280841827 2.958530902862549 -0.08814321458339691
v 0.14865191280841827 -2.958530902862549 -0.08814321458339691
v -0.14865191280841827 2.958530902862549 -0.08814321458339691
v 0.14865191280841827 -2.958530902862549 -0.08814321458339691
v -0.14865191280841827 -2.958530902862549 -0.08814321458339691
v 0.20679639279842377 2.958530902862549 -0.08814321458339691
v 0.5041002631187439 2.958530902862549 -0.08814321458339691
v 0.5041002631187439 -2.958530902862549 -0.08814321458339691
v 0.20679639279842377 2.958530902862549 -0.08814321458339691
v 0.5041002631187439 -2.958530902862549 -0.08814321458339691
v 0.20679639279842377 -2.958530902862549 -0.08814321458339691
v 0.562244713306427 2.958530902862549 -0.08814321458339691
v 0.8595485687255859 2.958530902862549 -0.08814321458339691
v 0.8595485687255859 -2.958530902862549 -0.08814321458339691
v 0.562244713306427 2.958530902862549 -0.08814321458339691
v 0.8595485687255859 -2.958530902862549 -0.08814321458339691
v 0.562244713306427 -2.958530902862549 -0.08814321458339691
v -1.5995173454284668 2.958530902862549 -0.08814321458339691
v -1.5995173454284668 2.958530902862549 0.08814321458339691
v -1.2731413841247559 2.958530902862549 0.08814321458339691
v -1.5995173454284668 2.958530902862549 -0.08814321458339691
v -1.2731413841247559 2.958530902862549 0.08814321458339691
v -1.2731413841247559 2.958530902862549 -0.08814321458339691
v -1.2149968147277832 2.958530902862549 -0.08814321458339691
v -1.2149968147277832 2.958530902862549 0.08814321458339691
v -0.917693018913269 2.958530902862549 0.08814321458339691
v -1.2149968147277832 2.958530902862549 -0.08814321458339691
v -0.917693018913269 2.958530902862549 0.08814321458339691
v -0.917693018913269 2.958530902862549 -0.08814321458339691
v -0.8595485687255859 2.958530902862549 -0.08814321458339691
v -0.8595485687255859 2.958530902862549 0.08814321458339691
v -0.562244713306427 2.958530902862549 0.08814321458339691
v -0.8595485687255859 2.958530902862549 -0.08814321458339691
v -0.562244713306427 2.958530902862549 0.08814321458339691
v -0.562244713306427 2.958530902862549 -0.08814321458339691
v -0.5041002631187439 2.958530902862549 -0.08814321458339691
v -0.5041002631187439 2.958530902862549 0.08814321458339691
v -0.20679639279842377 2.958530902862549 0.08814321458339691
v -0.5041002631187439 2.958530902862549 -0.08814321458339691
v -0.20679639279842377 2.958530902862549 0.08814321458339691
v -0.20679639279842377 2.958530902862549 -0.08814321458339691
v -0.14865191280841827 2.958530902862549 -0.08814321458339691
v -0.14865191280841827 2.958530902862549 0.08814321458339691
v 0.14865191280841827 2.958530902862549 0.08814321458339691
v -0.14865191280841827 2.958530902862549 -0.08814321458339691
v 0.14865191280841827 2.958530902862549 0.08814321458339691
v 0.14865191280841827 2.958530902862549 -0.08814321458339691
v 0.20679639279842377 2.958530902862549 -0.08814321458339691
v 0.20679639279842377 2.958530902862549 0.08814321458339691
v 0.5041002631187439 2.958530902862549 0.08814321458339691
v 0.20679639279842377 2.958530902862549 -0.08814321458339691
v 0.5041002631187439 2.958530902862549 0.08814321458339691
v 0.5041002631187439 2.958530902862549 -0.08814321458339691
v 0.562244713306427 2.958530902862549 -0.08814321458339691
v 0.562244713306427 2.958530902862549 0.08814321458339691
v 0.8595485687255859 2.958530902862549 0.08814321458339691
v 0.562244713306427 2.958530902862549 -0.08814321458339691
v 0.8595485687255859 2.958530902862549 0.08814321458339691
v 0.8595485687255859 2.958530902862549 -0.08814321458339691
v 1.2731413841247559 2.958530902862549 -0.08814321458339691
v 1.5995173454284668 2.958530902862549 -0.08814321458339691
v 1.5995173454284668 -2.958530902862549 -0.08814321458339691
v 1.2731413841247559 2.958530902862549 -0.08814321458339691
v 1.5995173454284668 -2.958530902862549 -0.08814321458339691
v 1.2731413841247559 -2.958530902862549 -0.08814321458339691
v 1.2149968147277832 2.958530902862549 0.08814321458339691
v 0.917693018913269 2.958530902862549 0.08814321458339691
v 0.917693018913269 -2.958530902862549 0.08814321458339691
v 1.2149968147277832 2.958530902862549 0.08814321458339691
v 0.917693018913269 -2.958530902862549 0.08814321458339691
v 1.2149968147277832 -2.958530902862549 0.08814321458339691
v 1.5995173454284668 -2.958530902862549 -0.08814321458339691
v 1.5995173454284668 -2.958530902862549 0.08814321458339691
v 1.2731413841247559 -2.958530902862549 0.08814321458339691
v 1.5995173454284668 -2.958530902862549 -0.08814321458339691
v 1.2731413841247559 -2.958530902862549 0.08814321458339691
v 1.2731413841247559 -2.958530902862549 -0.08814321458339691
v 0.5041002631187439 2.958530902862549 0.08814321458339691
v 0.20679639279842377 2.958530902862549 0.08814321458339691
v 0.20679639279842377 -2.958530902862549 0.08814321458339691
v 0.5041002631187439 2.958530902862549 0.08814321458339691
v 0.20679639279842377 -2.958530902862549 0.08814321458339691
v 0.5041002631187439 -2.958530902862549 0.08814321458339691
v 0.14865191280841827 2.958530902862549 0.08814321458339691
v -0.14865191280841827 2.958530902862549 0.08814321458339691
v -0.14865191280841827 -2.958530902862549 0.08814321458339691
v 0.14865191280841827 2.958530902862549 0.08814321458339691
v -0.14865191280841827 -2.958530902862549 0.08814321458339691
v 0.14865191280841827 -2.958530902862549 0.08814321458339691
v -0.20679639279842377 2.958530902862549 0.08814321458339691
v -0.5041002631187439 2.958530902862549 0.08814321458339691
v -0.5041002631187439 -2.958530902862549 0.08814321458339691
v -0.20679639279842377 2.958530902862549 0.08814321458339691
v -0.5041002631187439 -2.958530902862549 0.08814321458339691
v -0.20679639279842377 -2.958530902862549 0.08814321458339691
v -0.562244713306427 2.958530902862549 0.08814321458339691
v -0.8595485687255859 2.958530902862549 0.08814321458339691
v -0.8595485687255859 -2.958530902862549 0.08814321458339691
v -0.562244713306427 2.958530902862549 0.08814321458339691
v -0.8595485687255859 -2.958530902862549 0.08814321458339691
v -0.562244713306427 -2.958530902862549 0.08814321458339691
v -0.917693018913269 2.958530902862549 0.08814321458339691
v -1.2149968147277832 2.958530902862549 0.08814321458339691
v -1.2149968147277832 -2.958530902862549 0.08814321458339691
v -0.917693018913269 2.958530902862549 0.08814321458339691
v -1.2149968147277832 -2.958530902862549 0.08814321458339691
v -0.917693018913269 -2.958530902862549 0.08814321458339691
v -1.2731413841247559 -2.958530902862549 -0.08814321458339691
v -1.2731413841247559 -2.958530902862549 0.08814321458339691
v -1.5995173454284668 -2.958530902862549 0.08814321458339691
v -1.2731413841247559 -2.958530902862549 -0.08814321458339691
v -1.5995173454284668 -2.958530902862549 0.08814321458339691
v -1.5995173454284668 -2.958530902862549 -0.08814321458339691
v 1.2149968147277832 -2.958530902862549 -0.08814321458339691
v 1.2149968147277832 -2.958530902862549 0.08814321458339691
v 0.917693018913269 -2.958530902862549 0.08814321458339691
v 1.2149968147277832 -2.958530902862549 -0.08814321458339691
v 0.917693018913269 -2.958530902862549 0.08814321458339691
v 0.917693018913269 -2.958530902862549 -0.08814321458339691
v 0.8595485687255859 2.958530902862549 0.08814321458339691
v 0.562244713306427 2.958530902862549 0.08814321458339691
v 0.562244713306427 -2.958530902862549 0.08814321458339691
v 0.8595485687255859 2.958530902862549 0.08814321458339691
v 0.562244713306427 -2.958530902862549 0.08814321458339691
v 0.8595485687255859 -2.958530902862549 0.08814321458339691
v 0.8595485687255859 -2.958530902862549 -0.08814321458339691
v 0.8595485687255859 -2.958530902862549 0.08814321458339691
v 0.562244713306427 -2.958530902862549 0.08814321458339691
v 0.8595485687255859 -2.958530902862549 -0.08814321458339691
v 0.562244713306427 -2.958530902862549 0.08814321458339691
v 0.562244713306427 -2.958530902862549 -0.08814321458339691
v 0.5041002631187439 -2.958530902862549 -0.08814321458339691
v 0.5041002631187439 -2.958530902862549 0.08814321458339691
v 0.20679639279842377 -2.958530902862549 0.08814321458339691
v 0.5041002631187439 -2.958530902862549 -0.08814321458339691
v 0.20679639279842377 -2.958530902862549 0.08814321458339691
v 0.20679639279842377 -2.958530902862549 -0.08814321458339691
v 0.14865191280841827 -2.958530902862549 -0.08814321458339691
v 0.14865191280841827 -2.958530902862549 0.08814321458339691
v -0.14865191280841827 -2.958530902862549 0.08814321458339691
v 0.14865191280841827 -2.958530902862549 -0.08814321458339691
v -0.14865191280841827 -2.958530902862549 0.08814321458339691
v -0.14865191280841827 -2.958530902862549 -0.08814321458339691
v -0.20679639279842377 -2.958530902862549 -0.08814321458339691
v -0.20679639279842377 -2.958530902862549 0.08814321458339691
v -0.5041002631187439 -2.958530902862549 0.08814321458339691
v -0.20679639279842377 -2.958530902862549 -0.08814321458339691
v -0.5041002631187439 -2.958530902862549 0.08814321458339691
v -0.5041002631187439 -2.958530902862549 -0.08814321458339691
v -0.562244713306427 -2.958530902862549 -0.08814321458339691
v -0.562244713306427 -2.958530902862549 0.08814321458339691
v -0.8595485687255859 -2.958530902862549 0.08814321458339691
v -0.562244713306427 -2.958530902862549 -0.08814321458339691
v -0.8595485687255859 -2.958530902862549 0.08814321458339691
v -0.8595485687255859 -2.958530902862549 -0.08814321458339691
v -0.917693018913269 -2.958530902862549 -0.08814321458339691
v -0.917693018913269 -2.958530902862549 0.08814321458339691
v -1.2149968147277832 -2.958530902862549 0.08814321458339691
v -0.917693018913269 -2.958530902862549 -0.08814321458339691
v -1.2149968147277832 -2.958530902862549 0.08814321458339691
v -1.2149968147277832 -2.958530902862549 -0.08814321458339691
v -1.2149968147277832 2.958530902862549 0.08814321458339691
v -1.2149968147277832 2.958530902862549 -0.08814321458339691
v -1.2440690994262695 2.9162747859954834 -0.0868842825293541
v -1.2149968147277832 2.958530902862549 0.08814321458339691
v -1.2440690994262695 2.9162747859954834 -0.0868842825293541
v -1.2440690994262695 2.9162747859954834 0.08045504987239838
v -1.2440690994262695 2.9162747859954834 0.08045504987239838
v -1.2440690994262695 2.9162747859954834 -0.0868842825293541
v -1.2731413841247559 2.958530902862549 -0.08814321458339691
v -1.2440690994262695 2.9162747859954834 0.08045504987239838
v -1.2731413841247559 2.958530902862549 -0.08814321458339691
v -1.2731413841247559 2.958530902862549 0.08814321458339691
v -0.8595485687255859 2.958530902862549 0.08814321458339691
v -0.8595485687255859 2.958530902862549 -0.08814321458339691
v -0.8886207938194275 2.9162747859954834 -0.0868842825293541
v -0.8595485687255859 2.958530902862549 0.08814321458339691
v -0.8886207938194275 2.9162747859954834 -0.0868842825293541
v -0.8886207938194275 2.9162747859954834 0.08045504987239838
v -0.8886207938194275 2.9162747859954834 0.08045504987239838
v -0.8886207938194275 2.9162747859954834 -0.0868842825293541
v -0.917693018913269 2.958530902862549 -0.08814321458339691
v -0.8886207938194275 2.9162747859954834 0.08045504987239838
v -0.917693018913269 2.958530902862549 -0.08814321458339691
v -0.917693018913269 2.958530902862549 0.08814321458339691
v -0.5041002631187439 2.958530902862549 0.08814321458339691
v -0.5041002631187439 2.958530902862549 -0.08814321458339691
v -0.5331724882125854 2.9162747859954834 -0.0868842825293541
v -0.5041002631187439 2.958530902862549 0.08814321458339691
v -0.5331724882125854 2.9162747859954834 -0.0868842825293541
v -0.5331724882125854 2.9162747859954834 0.08045504987239838
v -0.5331724882125854 2.9162747859954834 0.08045504987239838
v -0.5331724882125854 2.9162747859954834 -0.0868842825293541
v -0.562244713306427 2.958530902862549 -0.08814321458339691
v -0.5331724882125854 2.9162747859954834 0.08045504987239838
v -0.562244713306427 2.958530902862549 -0.08814321458339691
v -0.562244713306427 2.958530902862549 0.08814321458339691
v -0.14865191280841827 2.958530902862549 0.08814321458339691
v -0.14865191280841827 2.958530902862549 -0.08814321458339691
v -0.17772415280342102 2.9162747859954834 -0.0868842825293541
v -0.14865191280841827 2.958530902862549 0.08814321458339691
v -0.17772415280342102 2.9162747859954834 -0.0868842825293541
v -0.17772415280342102 2.9162747859954834 0.08045504987239838
v -0.17772415280342102 2.9162747859954834 0.08045504987239838
v -0.17772415280342102 2.9162747859954834 -0.0868842825293541
v -0.20679639279842377 2.958530902862549 -0.08814321458339691
v -0.17772415280342102 2.9162747859954834 0.08045504987239838
v -0.20679639279842377 2.958530902862549 -0.08814321458339691
v -0.20679639279842377 2.958530902862549 0.08814321458339691
v 0.20679639279842377 2.958530902862549 0.08814321458339691
v 0.20679639279842377 2.958530902862549 -0.08814321458339691
v 0.17772415280342102 2.9162747859954834 -0.0868842825293541
v 0.20679639279842377 2.958530902862549 0.08814321458339691
v 0.17772415280342102 2.9162747859954834 -0.0868842825293541
v 0.17772415280342102 2.9162747859954834 0.08045504987239838
v 0.17772415280342102 2.9162747859954834 0.08045504987239838
v 0.17772415280342102 2.9162747859954834 -0.0868842825293541
v 0.14865191280841827 2.958530902862549 -0.08814321458339691
v 0.17772415280342102 2.9162747859954834 0.08045504987239838
v 0.14865191280841827 2.958530902862549 -0.08814321458339691
v 0.14865191280841827 2.958530902862549 0.08814321458339691
v 0.562244713306427 2.958530902862549 0.08814321458339691
v 0.562244713306427 2.958530902862549 -0.08814321458339691
v 0.5331724882125854 2.9162747859954834 -0.0868842825293541
v 0.562244713306427 2.958530902862549 0.08814321458339691
v 0.5331724882125854 2.9162747859954834 -0.0868842825293541
v 0.5331724882125854 2.9162747859954834 0.08045504987239838
v 0.5331724882125854 2.9162747859954834 0.08045504987239838
v 0.5331724882125854 2.9162747859954834 -0.0868842825293541
v 0.5041002631187439 2.958530902862549 -0.08814321458339691
v 0.5331724882125854 2.9162747859954834 0.08045504987239838
v 0.5041002631187439 2.958530902862549 -0.08814321458339691
v 0.5041002631187439 2.958530902862549 0.08814321458339691
v 0.917693018913269 2.958530902862549 0.08814321458339691
v 0.917693018913269 2.958530902862549 -0.08814321458339691
v 0.8886207938194275 2.9162747859954834 -0.0868842825293541
v 0.917693018913269 2.958530902862549 0.08814321458339691
v 0.8886207938194275 2.9162747859954834 -0.0868842825293541
v 0.8886207938194275 2.9162747859954834 0.08045504987239838
v 0.8886207938194275 2.9162747859954834 0.08045504987239838
v 0.8886207938194275 2.9162747859954834 -0.0868842825293541
v 0.8595485687255859 2.958530902862549 -0.08814321458339691
v 0.8886207938194275 2.9162747859954834 0.08045504987239838
v 0.8595485687255859 2.958530902862549 -0.08814321458339691
v 0.8595485687255859 2.958530902862549 0.08814321458339691
v 1.2731413841247559 2.958530902862549 0.08814321458339691
v 1.2731413841247559 2.958530902862549 -0.08814321458339691
v 1.2440690994262695 2.9162747859954834 -0.0868842825293541
v 1.2731413841247559 2.958530902862549 0.08814321458339691
v 1.2440690994262695 2.9162747859954834 -0.0868842825293541
v 1.2440690994262695 2.9162747859954834 0.08045504987239838
v 1.2440690994262695 2.9162747859954834 0.08045504987239838
v 1.2440690994262695 2.9162747859954834 -0.0868842825293541
v 1.2149968147277832 2.958530902862549 -0.08814321458339691
v 1.2440690994262695 2.9162747859954834 0.08045504987239838
v 1.2149968147277832 2.958530902862549 -0.08814321458339691
v 1.2149968147277832 2.958530902862549 0.08814321458339691
v -1.2149968147277832 2.958530902862549 -0.08814321458339691
v -1.2149968147277832 -2.958530902862549 -0.08814321458339691
v -1.2440690994262695 -2.9162747859954834 -0.0868842825293541
v -1.2149968147277832 2.958530902862549 -0.08814321458339691
v -1.2440690994262695 -2.9162747859954834 -0.0868842825293541
v -1.2440690994262695 2.9162747859954834 -0.0868842825293541
v -1.2440690994262695 2.9162747859954834 -0.0868842825293541
v -1.2440690994262695 -2.9162747859954834 -0.0868842825293541
v -1.2731413841247559 -2.958530902862549 -0.08814321458339691
v -1.2440690994262695 2.9162747859954834 -0.0868842825293541
v -1.2731413841247559 -2.958530902862549 -0.08814321458339691
v -1.2731413841247559 2.958530902862549 -0.08814321458339691
v -0.8595485687255859 2.958530902862549 -0.08814321458339691
v -0.8595485687255859 -2.958530902862549 -0.08814321458339691
v -0.8886207938194275 -2.9162747859954834 -0.0868842825293541
v -0.8595485687255859 2.958530902862549 -0.08814321458339691
v -0.8886207938194275 -2.9162747859954834 -0.0868842825293541
v -0.8886207938194275 2.9162747859954834 -0.0868842825293541
v -0.8886207938194275 2.9162747859954834 -0.0868842825293541
v -0.8886207938194275 -2.9162747859954834 -0.0868842825293541
v -0.917693018913269 -2.958530902862549 -0.08814321458339691
v -0.8886207938194275 2.9162747859954834 -0.0868842825293541
v -0.917693018913269 -2.958530902862549 -0.08814321458339691
v -0.917693018913269 2.958530902862549 -0.08814321458339691
v -0.5041002631187439 2.958530902862549 -0.08814321458339691
v -0.5041002631187439 -2.958530902862549 -0.08814321458339691
v -0.5331724882125854 -2.9162747859954834 -0.0868842825293541
v -0.5041002631187439 2.958530902862549 -0.08814321458339691
v -0.5331724882125854 -2.9162747859954834 -0.0868842825293541
v -0.5331724882125854 2.9162747859954834 -0.0868842825293541
v -0.5331724882125854 2.9162747859954834 -0.0868842825293541
v -0.5331724882125854 -2.9162747859954834 -0.0868842825293541
v -0.562244713306427 -2.958530902862549 -0.08814321458339691
v -0.5331724882125854 2.9162747859954834 -0.0868842825293541
v -0.562244713306427 -2.958530902862549 -0.08814321458339691
v -0.562244713306427 2.958530902862549 -0.08814321458339691
v -0.14865191280841827 2.958530902862549 -0.08814321458339691
v -0.14865191280841827 -2.958530902862549 -0.08814321458339691
v -0.17772415280342102 -2.9162747859954834 -0.0868842825293541
v -0.14865191280841827 2.958530902862549 -0.08814321458339691
v -0.17772415280342102 -2.9162747859954834 -0.0868842825293541
v -0.17772415280342102 2.9162747859954834 -0.0868842825293541
v -0.17772415280342102 2.9162747859954834 -0.0868842825293541
v -0.17772415280342102 -2.9162747859954834 -0.0868842825293541
v -0.20679639279842377 -2.958530902862549 -0.08814321458339691
v -0.17772415280342102 2.9162747859954834 -0.0868842825293541
v -0.20679639279842377 -2.958530902862549 -0.08814321458339691
v -0.20679639279842377 2.958530902862549 -0.08814321458339691
v 0.20679639279842377 2.958530902862549 -0.08814321458339691
v 0.20679639279842377 -2.958530902862549 -0.08814321458339691
v 0.17772415280342102 -2.9162747859954834 -0.0868842825293541
v 0.20679639279842377 2.958530902862549 -0.08814321458339691
v 0.17772415280342102 -2.9162747859954834 -0.0868842825293541
v 0.17772415280342102 2.9162747859954834 -0.0868842825293541
v 0.17772415280342102 2.9162747859954834 -0.0868842825293541
v 0.17772415280342102 -2.9162747859954834 -0.0868842825293541
v 0.14865191280841827 -2.958530902862549 -0.08814321458339691
v 0.17772415280342102 2.9162747859954834 -0.0868842825293541
v 0.14865191280841827 -2.958530902862549 -0.08814321458339691
v 0.14865191280841827 2.958530902862549 -0.08814321458339691
v 0.562244713306427 2.958530902862549 -0.08814321458339691
v 0.562244713306427 -2.958530902862549 -0.08814321458339691
v 0.5331724882125854 -2.9162747859954834 -0.0868842825293541
v 0.562244713306427 2.958530902862549 -0.08814321458339691
v 0.5331724882125854 -2.9162747859954834 -0.0868842825293541
v 0.5331724882125854 2.9162747859954834 -0.0868842825293541
v 0.5331724882125854 2.9162747859954834 -0.0868842825293541
v 0.5331724882125854 -2.9162747859954834 -0.0868842825293541
v 0.5041002631187439 -2.958530902862549 -0.08814321458339691
v 0.5331724882125854 2.9162747859954834 -0.0868842825293541
v 0.5041002631187439 -2.958530902862549 -0.08814321458339691
v 0.5041002631187439 2.958530902862549 -0.08814321458339691
v 0.917693018913269 2.958530902862549 -0.08814321458339691
v 0.917693018913269 -2.958530902862549 -0.08814321458339691
v 0.8886207938194275 -2.9162747859954834 -0.0868842825293541
v 0.917693018913269 2.958530902862549 -0.08814321458339691
v 0.8886207938194275 -2.9162747859954834 -0.0868842825293541
v 0.8886207938194275 2.9162747859954834 -0.0868842825293541
v 0.8886207938194275 2.9162747859954834 -0.0868842825293541
v 0.8886207938194275 -2.9162747859954834 -0.0868842825293541
v 0.8595485687255859 -2.958530902862549 -0.08814321458339691
v 0.8886207938194275 2.9162747859954834 -0.0868842825293541
v 0.8595485687255859 -2.958530902862549 -0.08814321458339691
v 0.8595485687255859 2.958530902862549 -0.08814321458339691
v 1.2731413841247559 2.958530902862549 -0.08814321458339691
v 1.2731413841247559 -2.958530902862549 -0.08814321458339691
v 1.2440690994262695 -2.9162747859954834 -0.0868842825293541
v 1.2731413841247559 2.958530902862549 -0.08814321458339691
v 1.2440690994262695 -2.9162747859954834 -0.0868842825293541
v 1.2440690994262695 2.9162747859954834 -0.0868842825293541
v 1.2440690994262695 2.9162747859954834 -0.0868842825293541
v 1.2440690994262695 -2.9162747859954834 -0.0868842825293541
v 1.2149968147277832 -2.958530902862549 -0.08814321458339691
v 1.2440690994262695 2.9162747859954834 -0.0868842825293541
v 1.2149968147277832 -2.958530902862549 -0.08814321458339691
v 1.2149968147277832 2.958530902862549 -0.08814321458339691
v 1.2149968147277832 -2.958530902862549 0.08814321458339691
v 1.2149968147277832 -2.958530902862549 -0.08814321458339691
v 1.2440690994262695 -2.9162747859954834 -0.0868842825293541
v 1.2149968147277832 -2.958530902862549 0.08814321458339691
v 1.2440690994262695 -2.9162747859954834 -0.0868842825293541
v 1.2440690994262695 -2.9162747859954834 0.08045504987239838
v 1.2440690994262695 -2.9162747859954834 0.08045504987239838
v 1.2440690994262695 -2.9162747859954834 -0.0868842825293541
v 1.2731413841247559 -2.958530902862549 -0.08814321458339691
v 1.2440690994262695 -2.9162747859954834 0.08045504987239838
v 1.2731413841247559 -2.958530902862549 -0.08814321458339691
v 1.2731413841247559 -2.958530902862549 0.08814321458339691
v 0.8595485687255859 -2.958530902862549 0.08814321458339691
v 0.8595485687255859 -2.958530902862549 -0.08814321458339691
v 0.8886207938194275 -2.9162747859954834 -0.0868842825293541
v 0.8595485687255859 -2.958530902862549 0.08814321458339691
v 0.8886207938194275 -2.9162747859954834 -0.0868842825293541
v 0.8886207938194275 -2.9162747859954834 0.08045504987239838
v 0.8886207938194275 -2.9162747859954834 0.08045504987239838
v 0.8886207938194275 -2.9162747859954834 -0.0868842825293541
v 0.917693018913269 -2.958530902862549 -0.08814321458339691
v 0.8886207938194275 -2.9162747859954834 0.08045504987239838
v 0.917693018913269 -2.958530902862549 -0.08814321458339691
v 0.917693018913269 -2.958530902862549 0.08814321458339691
v 0.5041002631187439 -2.958530902862549 0.08814321458339691
v 0.5041002631187439 -2.958530902862549 -0.08814321458339691
v 0.5331724882125854 -2.9162747859954834 -0.0868842825293541
v 0.5041002631187439 -2.958530902862549 0.08814321458339691
v 0.5331724882125854 -2.9162747859954834 -0.0868842825293541
v 0.5331724882125854 -2.9162747859954834 0.08045504987239838
v 0.5331724882125854 -2.9162747859954834 0.08045504987239838
v 0.5331724882125854 -2.9162747859954834 -0.0868842825293541
v 0.562244713306427 -2.958530902862549 -0.08814321458339691
v 0.5331724882125854 -2.9162747859954834 0.08045504987239838
v 0.562244713306427 -2.958530902862549 -0.08814321458339691
v 0.562244713306427 -2.958530902862549 0.08814321458339691
v 0.14865191280841827 -2.958530902862549 0.08814321458339691
v 0.14865191280841827 -2.958530902862549 -0.08814321458339691
v 0.17772415280342102 -2.9162747859954834 -0.0868842825293541
v 0.14865191280841827 -2.958530902862549 0.08814321458339691
v 0.17772415280342102 -2.9162747859954834 -0.0868842825293541
v 0.17772415280342102 -2.9162747859954834 0.08045504987239838
v 0.17772415280342102 -2.9162747859954834 0.08045504987239838
v 0.17772415280342102 -2.9162747859954834 -0.0868842825293541
v 0.20679639279842377 -2.958530902862549 -0.08814321458339691
v 0.17772415280342102 -2.9162747859954834 0.08045504987239838
v 0.20679639279842377 -2.958530902862549 -0.08814321458339691
v 0.20679639279842377 -2.958530902862549 0.08814321458339691
v -0.20679639279842377 -2.958530902862549 0.08814321458339691
v -0.20679639279842377 -2.958530902862549 -0.08814321458339691
v -0.17772415280342102 -2.9162747859954834 -0.0868842825293541
v -0.20679639279842377 -2.958530902862549 0.08814321458339691
v -0.17772415280342102 -2.9162747859954834 -0.0868842825293541
v -0.17772415280342102 -2.9162747859954834 0.08045504987239838
v -0.17772415280342102 -2.9162747859954834 0.08045504987239838
v -0.17772415280342102 -2.9162747859954834 -0.0868842825293541
v -0.14865191280841827 -2.958530902862549 -0.08814321458339691
v -0.17772415280342102 -2.9162747859954834 0.08045504987239838
v -0.14865191280841827 -2.958530902862549 -0.08814321458339691
v -0.14865191280841827 -2.958530902862549 0.08814321458339691
v -0.562244713306427 -2.958530902862549 0.08814321458339691
v -0.562244713306427 -2.958530902862549 -0.08814321458339691
v -0.5331724882125854 -2.9162747859954834 -0.0868842825293541
v -0.562244713306427 -2.958530902862549 0.08814321458339691
v -0.5331724882125854 -2.9162747859954834 -0.0868842825293541
v -0.5331724882125854 -2.9162747859954834 0.08045504987239838
v -0.5331724882125854 -2.9162747859954834 0.08045504987239838
v -0.5331724882125854 -2.9162747859954834 -0.0868842825293541
v -0.5041002631187439 -2.958530902862549 -0.08814321458339691
v -0.5331724882125854 -2.9162747859954834 0.08045504987239838
v -0.5041002631187439 -2.958530902862549 -0.08814321458339691
v -0.5041002631187439 -2.958530902862549 0.08814321458339691
v -0.917693018913269 -2.958530902862549 0.08814321458339691
v -0.917693018913269 -2.958530902862549 -0.08814321458339691
v -0.8886207938194275 -2.9162747859954834 -0.0868842825293541
v -0.917693018913269 -2.958530902862549 0.08814321458339691
v -0.8886207938194275 -2.9162747859954834 -0.0868842825293541
v -0.8886207938194275 -2.9162747859954834 0.08045504987239838
v -0.8886207938194275 -2.9162747859954834 0.08045504987239838
v -0.8886207938194275 -2.9162747859954834 -0.0868842825293541
v -0.8595485687255859 -2.958530902862549 -0.08814321458339691
v -0.8886207938194275 -2.9162747859954834 0.08045504987239838
v -0.8595485687255859 -2.958530902862549 -0.08814321458339691
v -0.8595485687255859 -2.958530902862549 0.08814321458339691
v -1.2731413841247559 -2.958530902862549 0.08814321458339691
v -1.2731413841247559 -2.958530902862549 -0.08814321458339691
v -1.2440690994262695 -2.9162747859954834 -0.0868842825293541
v -1.2731413841247559 -2.958530902862549 0.08814321458339691
v -1.2440690994262695 -2.9162747859954834 -0.0868842825293541
v -1.2440690994262695 -2.9162747859954834 0.08045504987239838
v -1.2440690994262695 -2.9162747859954834 0.08045504987239838
v -1.2440690994262695 -2.9162747859954834 -0.0868842825293541
v -1.2149968147277832 -2.958530902862549 -0.08814321458339691
v -1.2440690994262695 -2.9162747859954834 0.08045504987239838
v -1.2149968147277832 -2.958530902862549 -0.08814321458339691
v -1.2149968147277832 -2.958530902862549 0.08814321458339691
v 1.2149968147277832 2.958530902862549 0.08814321458339691
v 1.2149968147277832 -2.958530902862549 0.08814321458339691
v 1.2440690994262695 -2.9162747859954834 0.08045504987239838
v 1.2149968147277832 2.958530902862549 0.08814321458339691
v 1.2440690994262695 -2.9162747859954834 0.08045504987239838
v 1.2440690994262695 2.9162747859954834 0.08045504987239838
v 1.2440690994262695 2.9162747859954834 0.08045504987239838
v 1.2440690994262695 -2.9162747859954834 0.08045504987239838
v 1.2731413841247559 -2.958530902862549 0.08814321458339691
v 1.2440690994262695 2.9162747859954834 0.08045504987239838
v 1.2731413841247559 -2.958530902862549 0.08814321458339691
v 1.2731413841247559 2.958530902862549 0.08814321458339691
v 0.8595485687255859 2.958530902862549 0.08814321458339691
v 0.8595485687255859 -2.958530902862549 0.08814321458339691
v 0.8886207938194275 -2.9162747859954834 0.08045504987239838
v 0.8595485687255859 2.958530902862549 0.08814321458339691
v 0.8886207938194275 -2.9162747859954834 0.08045504987239838
v 0.8886207938194275 2.9162747859954834 0.08045504987239838
v 0.8886207938194275 2.9162747859954834 0.08045504987239838
v 0.8886207938194275 -2.9162747859954834 0.08045504987239838
v 0.917693018913269 -2.958530902862549 0.08814321458339691
v 0.8886207938194275 2.9162747859954834 0.08045504987239838
v 0.917693018913269 -2.958530902862549 0.08814321458339691
v 0.917693018913269 2.958530902862549 0.08814321458339691
v 0.5041002631187439 2.958530902862549 0.08814321458339691
v 0.5041002631187439 -2.958530902862549 0.08814321458339691
v 0.5331724882125854 -2.9162747859954834 0.08045504987239838
v 0.5041002631187439 2.958530902862549 0.08814321458339691
v 0.5331724882125854 -2.9162747859954834 0.08045504987239838
v 0.5331724882125854 2.9162747859954834 0.08045504987239838
v 0.5331724882125854 2.9162747859954834 0.08045504987239838
v 0.5331724882125854 -2.9162747859954834 0.08045504987239838
v 0.562244713306427 -2.958530902862549 0.08814321458339691
v 0.5331724882125854 2.9162747859954834 0.08045504987239838
v 0.562244713306427 -2.958530902862549 0.08814321458339691
v 0.562244713306427 2.958530902862549 0.08814321458339691
v 0.14865191280841827 2.958530902862549 0.08814321458339691
v 0.14865191280841827 -2.958530902862549 0.08814321458339691
v 0.17772415280342102 -2.9162747859954834 0.08045504987239838
v 0.14865191280841827 2.958530902862549 0.08814321458339691
v 0.17772415280342102 -2.9162747859954834 0.08045504987239838
v 0.17772415280342102 2.9162747859954834 0.08045504987239838
v 0.17772415280342102 2.9162747859954834 0.08045504987239838
v 0.17772415280342102 -2.9162747859954834 0.08045504987239838
v 0.20679639279842377 -2.958530902862549 0.08814321458339691
v 0.17772415280342102 2.9162747859954834 0.08045504987239838
v 0.20679639279842377 -2.958530902862549 0.08814321458339691
v 0.20679639279842377 2.958530902862549 0.08814321458339691
v -0.20679639279842377 2.958530902862549 0.08814321458339691
v -0.20679639279842377 -2.958530902862549 0.08814321458339691
v -0.17772415280342102 -2.9162747859954834 0.08045504987239838
v -0.20679639279842377 2.958530902862549 0.08814321458339691
v -0.17772415280342102 -2.9162747859954834 0.08045504987239838
v -0.17772415280342102 2.9162747859954834 0.08045504987239838
v -0.17772415280342102 2.9162747859954834 0.08045504987239838
v -0.17772415280342102 -2.9162747859954834 0.08045504987239838
v -0.14865191280841827 -2.958530902862549 0.08814321458339691
v -0.17772415280342102 2.9162747859954834 0.08045504987239838
v -0.14865191280841827 -2.958530902862549 0.08814321458339691
v -0.14865191280841827 2.958530902862549 0.08814321458339691
v -0.562244713306427 2.958530902862549 0.08814321458339691
v -0.562244713306427 -2.958530902862549 0.08814321458339691
v -0.5331724882125854 -2.9162747859954834 0.08045504987239838
v -0.562244713306427 2.958530902862549 0.08814321458339691
v -0.5331724882125854 -2.9162747859954834 0.08045504987239838
v -0.5331724882125854 2.9162747859954834 0.08045504987239838
v -0.5331724882125854 2.9162747859954834 0.08045504987239838
v -0.5331724882125854 -2.9162747859954834 0.08045504987239838
v -0.5041002631187439 -2.958530902862549 0.08814321458339691
v -0.5331724882125854 2.9162747859954834 0.08045504987239838
v -0.5041002631187439 -2.958530902862549 0.08814321458339691
v -0.5041002631187439 2.958530902862549 0.08814321458339691
v -0.917693018913269 2.958530902862549 0.08814321458339691
v -0.917693018913269 -2.958530902862549 0.08814321458339691
v -0.8886207938194275 -2.9162747859954834 0.08045504987239838
v -0.917693018913269 2.958530902862549 0.08814321458339691
v -0.8886207938194275 -2.9162747859954834 0.08045504987239838
v -0.8886207938194275 2.9162747859954834 0.08045504987239838
v -0.8886207938194275 2.9162747859954834 0.08045504987239838
v -0.8886207938194275 -2.9162747859954834 0.08045504987239838
v -0.8595485687255859 -2.958530902862549 0.08814321458339691
v -0.8886207938194275 2.9162747859954834 0.08045504987239838
v -0.8595485687255859 -2.958530902862549 0.08814321458339691
v -0.8595485687255859 2.958530902862549 0.08814321458339691
v -1.2731413841247559 2.958530902862549 0.08814321458339691
v -1.2731413841247559 -2.958530902862549 0.08814321458339691
v -1.2440690994262695 -2.9162747859954834 0.08045504987239838
v -1.2731413841247559 2.958530902862549 0.08814321458339691
v -1.2440690994262695 -2.9162747859954834 0.08045504987239838
v -1.2440690994262695 2.9162747859954834 0.08045504987239838
v -1.2440690994262695 2.9162747859954834 0.08045504987239838
v -1.2440690994262695 -2.9162747859954834 0.08045504987239838
v -1.2149968147277832 -2.958530902862549 0.08814321458339691
v -1.2440690994262695 2.9162747859954834 0.08045504987239838
v -1.2149968147277832 -2.958530902862549 0.08814321458339691
v -1.2149968147277832 2.958530902862549 0.08814321458339691
v 1.2731413841247559 2.958530902862549 -0.08814321458339691
v 1.2731413841247559 2.958530902862549 0.08814321458339691
v 1.5995173454284668 2.958530902862549 0.08814321458339691
v 1.2731413841247559 2.958530902862549 -0.08814321458339691
v 1.5995173454284668 2.958530902862549 0.08814321458339691
v 1.5995173454284668 2.958530902862549 -0.08814321458339691
v -1.3558239936828613 -2.625972270965576 -0.28729233145713806
v -1.3558239936828613 -2.625972270965576 -0.036536529660224915
v -1.3558239936828613 2.625972270965576 -0.036536529660224915
v -1.3558239936828613 -2.625972270965576 -0.28729233145713806
v -1.3558239936828613 2.625972270965576 -0.036536529660224915
v -1.3558239936828613 2.625972270965576 -0.28729233145713806
v -1.3558239936828613 2.625972270965576 -0.28729233145713806
v -1.3558239936828613 2.625972270965576 -0.036536529660224915
v 1.3558239936828613 2.625972270965576 -0.036536529660224915
v -1.3558239936828613 2.625972270965576 -0.28729233145713806
v 1.3558239936828613 2.625972270965576 -0.036536529660224915
v 1.3558239936828613 2.625972270965576 -0.28729233145713806
v 1.3558239936828613 2.625972270965576 -0.28729233145713806
v 1.3558239936828613 2.625972270965576 -0.036536529660224915
v 1.3558239936828613 -2.625972270965576 -0.036536529660224915
v 1.3558239936828613 2.625972270965576 -0.28729233145713806
v 1.3558239936828613 -2.625972270965576 -0.036536529660224915
v 1.3558239936828613 -2.625972270965576 -0.28729233145713806
v 1.3558239936828613 -2.625972270965576 -0.28729233145713806
v 1.3558239936828613 -2.625972270965576 -0.036536529660224915
v -1.3558239936828613 -2.625972270965576 -0.036536529660224915
v 1.3558239936828613 -2.625972270965576 -0.28729233145713806
v -1.3558239936828613 -2.625972270965576 -0.036536529660224915
v -1.3558239936828613 -2.625972270965576 -0.28729233145713806
v -1.3558239936828613 2.625972270965576 -0.28729233145713806
v 1.3558239936828613 2.625972270965576 -0.28729233145713806
v 1.3558239936828613 -2.625972270965576 -0.28729233145713806
v -1.3558239936828613 2.625972270965576 -0.28729233145713806
v 1.3558239936828613 -2.625972270965576 -0.28729233145713806
v -1.3558239936828613 -2.625972270965576 -0.28729233145713806
v 1.3558239936828613 2.625972270965576 -0.036536529660224915
v -1.3558239936828613 2.625972270965576 -0.036536529660224915
v -1.3558239936828613 -2.625972270965576 -0.036536529660224915
v 1.3558239936828613 2.625972270965576 -0.036536529660224915
v -1.3558239936828613 -2.625972270965576 -0.036536529660224915
v 1.3558239936828613 -2.625972270965576 -0.036536529660224915
v 1.289077639579773 -2.7109224796295166 -3.1501290798187256
v 1.289077639579773 -2.7109224796295166 -0.07940705120563507
v 1.289077639579773 -2.4890778064727783 -0.07940705120563507
v 1.289077639579773 -2.7109224796295166 -3.1501290798187256
v 1.289077639579773 -2.4890778064727783 -0.07940705120563507
v 1.289077639579773 -2.4890778064727783 -3.1501290798187256
v 1.289077639579773 -2.4890778064727783 -3.1501290798187256
v 1.289077639579773 -2.4890778064727783 -0.07940705120563507
v 1.5109223127365112 -2.4890778064727783 -0.07940705120563507
v 1.289077639579773 -2.4890778064727783 -3.1501290798187256
v 1.5109223127365112 -2.4890778064727783 -0.07940705120563507
v 1.5109223127365112 -2.4890778064727783 -3.1501290798187256
v 1.5109223127365112 -2.4890778064727783 -3.1501290798187256
v 1.5109223127365112 -2.4890778064727783 -0.07940705120563507
v 1.5109223127365112 -2.7109224796295166 -0.07940705120563507
v 1.5109223127365112 -2.4890778064727783 -3.1501290798187256
v 1.5109223127365112 -2.7109224796295166 -0.07940705120563507
v 1.5109223127365112 -2.7109224796295166 -3.1501290798187256
v 1.5109223127365112 -2.7109224796295166 -3.1501290798187256
v 1.5109223127365112 -2.7109224796295166 -0.07940705120563507
v 1.289077639579773 -2.7109224796295166 -0.07940705120563507
v 1.5109223127365112 -2.7109224796295166 -3.1501290798187256
v 1.289077639579773 -2.7109224796295166 -0.07940705120563507
v 1.289077639579773 -2.7109224796295166 -3.1501290798187256
v 1.289077639579773 -2.4890778064727783 -3.1501290798187256
v 1.5109223127365112 -2.4890778064727783 -3.1501290798187256
v 1.5109223127365112 -2.7109224796295166 -3.1501290798187256
v 1.289077639579773 -2.4890778064727783 -3.1501290798187256
v 1.5109223127365112 -2.7109224796295166 -3.1501290798187256
v 1.289077639579773 -2.7109224796295166 -3.1501290798187256
v 1.5109223127365112 -2.4890778064727783 -0.07940705120563507
v 1.289077639579773 -2.4890778064727783 -0.07940705120563507
v 1.289077639579773 -2.7109224796295166 -0.07940705120563507
v 1.5109223127365112 -2.4890778064727783 -0.07940705120563507
v 1.289077639579773 -2.7109224796295166 -0.07940705120563507
v 1.5109223127365112 -2.7109224796295166 -0.07940705120563507
v 1.289077639579773 2.4890778064727783 -3.1501290798187256
v 1.289077639579773 2.4890778064727783 -0.07940705120563507
v 1.289077639579773 2.7109224796295166 -0.07940705120563507
v 1.289077639579773 2.4890778064727783 -3.1501290798187256
v 1.289077639579773 2.7109224796295166 -0.07940705120563507
v 1.289077639579773 2.7109224796295166 -3.1501290798187256
v 1.289077639579773 2.7109224796295166 -3.1501290798187256
v 1.289077639579773 2.7109224796295166 -0.07940705120563507
v 1.5109223127365112 2.7109224796295166 -0.07940705120563507
v 1.289077639579773 2.7109224796295166 -3.1501290798187256
v 1.5109223127365112 2.7109224796295166 -0.07940705120563507
v 1.5109223127365112 2.7109224796295166 -3.1501290798187256
v 1.5109223127365112 2.7109224796295166 -3.1501290798187256
v 1.5109223127365112 2.7109224796295166 -0.07940705120563507
v 1.5109223127365112 2.4890778064727783 -0.07940705120563507
v 1.5109223127365112 2.7109224796295166 -3.1501290798187256
v 1.5109223127365112 2.4890778064727783 -0.07940705120563507
v 1.5109223127365112 2.4890778064727783 -3.1501290798187256
v 1.5109223127365112 2.4890778064727783 -3.1501290798187256
v 1.5109223127365112 2.4890778064727783 -0.07940705120563507
v 1.289077639579773 2.4890778064727783 -0.07940705120563507
v 1.5109223127365112 2.4890778064727783 -3.1501290798187256
v 1.289077639579773 2.4890778064727783 -0.07940705120563507
v 1.289077639579773 2.4890778064727783 -3.1501290798187256
v 1.289077639579773 2.7109224796295166 -3.1501290798187256
v 1.5109223127365112 2.7109224796295166 -3.1501290798187256
v 1.5109223127365112 2.4890778064727783 -3.1501290798187256
v 1.289077639579773 2.7109224796295166 -3.1501290798187256
v 1.5109223127365112 2.4890778064727783 -3.1501290798187256
v 1.289077639579773 2.4890778064727783 -3.1501290798187256
v 1.5109223127365112 2.7109224796295166 -0.07940705120563507
v 1.289077639579773 2.7109224796295166 -0.07940705120563507
v 1.289077639579773 2.4890778064727783 -0.07940705120563507
v 1.5109223127365112 2.7109224796295166 -0.07940705120563507
v 1.289077639579773 2.4890778064727783 -0.07940705120563507
v 1.5109223127365112 2.4890778064727783 -0.07940705120563507
v -1.5109223127365112 -2.7109224796295166 -3.1501290798187256
v -1.5109223127365112 -2.7109224796295166 -0.07940705120563507
v -1.5109223127365112 -2.4890778064727783 -0.07940705120563507
v -1.5109223127365112 -2.7109224796295166 -3.1501290798187256
v -1.5109223127365112 -2.4890778064727783 -0.07940705120563507
v -1.5109223127365112 -2.4890778064727783 -3.1501290798187256
v -1.5109223127365112 -2.4890778064727783 -3.1501290798187256
v -1.5109223127365112 -2.4890778064727783 -0.07940705120563507
v -1.289077639579773 -2.4890778064727783 -0.07940705120563507
v -1.5109223127365112 -2.4890778064727783 -3.1501290798187256
v -1.289077639579773 -2.4890778064727783 -0.07940705120563507
v -1.289077639579773 -2.4890778064727783 -3.1501290798187256
v -1.289077639579773 -2.4890778064727783 -3.1501290798187256
v -1.289077639579773 -2.4890778064727783 -0.07940705120563507
v -1.289077639579773 -2.7109224796295166 -0.07940705120563507
v -1.289077639579773 -2.4890778064727783 -3.1501290798187256
v -1.289077639579773 -2.7109224796295166 -0.07940705120563507
v -1.289077639579773 -2.7109224796295166 -3.1501290798187256
v -1.289077639579773 -2.7109224796295166 -3.1501290798187256
v -1.289077639579773 -2.7109224796295166 -0.07940705120563507
v -1.5109223127365112 -2.7109224796295166 -0.07940705120563507
v -1.289077639579773 -2.7109224796295166 -3.1501290798187256
v -1.5109223127365112 -2.7109224796295166 -0.07940705120563507
v -1.5109223127365112 -2.7109224796295166 -3.1501290798187256
v -1.5109223127365112 -2.4890778064727783 -3.1501290798187256
v -1.289077639579773 -2.4890778064727783 -3.1501290798187256
v -1.289077639579773 -2.7109224796295166 -3.1501290798187256
v -1.5109223127365112 -2.4890778064727783 -3.1501290798187256
v -1.289077639579773 -2.7109224796295166 -3.1501290798187256
v -1.5109223127365112 -2.7109224796295166 -3.1501290798187256
v -1.289077639579773 -2.4890778064727783 -0.07940705120563507
v -1.5109223127365112 -2.4890778064727783 -0.07940705120563507
v -1.5109223127365112 -2.7109224796295166 -0.07940705120563507
v -1.289077639579773 -2.4890778064727783 -0.07940705120563507
v -1.5109223127365112 -2.7109224796295166 -0.07940705120563507
v -1.289077639579773 -2.7109224796295166 -0.07940705120563507
v -1.5109223127365112 2.4890778064727783 -3.1501290798187256
v -1.5109223127365112 2.4890778064727783 -0.07940705120563507
v -1.5109223127365112 2.7109224796295166 -0.07940705120563507
v -1.5109223127365112 2.4890778064727783 -3.1501290798187256
v -1.5109223127365112 2.7109224796295166 -0.07940705120563507
v -1.5109223127365112 2.7109224796295166 -3.1501290798187256
v -1.5109223127365112 2.7109224796295166 -3.1501290798187256
v -1.5109223127365112 2.7109224796295166 -0.07940705120563507
v -1.289077639579773 2.7109224796295166 -0.07940705120563507
v -1.5109223127365112 2.7109224796295166 -3.1501290798187256
v -1.289077639579773 2.7109224796295166 -0.07940705120563507
v -1.289077639579773 2.7109224796295166 -3.1501290798187256
v -1.289077639579773 2.7109224796295166 -3.1501290798187256
v -1.289077639579773 2.7109224796295166 -0.07940705120563507
v -1.289077639579773 2.4890778064727783 -0.07940705120563507
v -1.289077639579773 2.7109224796295166 -3.1501290798187256
v -1.289077639579773 2.4890778064727783 -0.07940705120563507
v -1.289077639579773 2.4890778064727783 -3.1501290798187256
v -1.289077639579773 2.4890778064727783 -3.1501290798187256
v -1.289077639579773 2.4890778064727783 -0.07940705120563507
v -1.5109223127365112 2.4890778064727783 -0.07940705120563507
v -1.289077639579773 2.4890778064727783 -3.1501290798187256
v -1.5109223127365112 2.4890778064727783 -0.07940705120563507
v -1.5109223127365112 2.4890778064727783 -3.1501290798187256
v -1.5109223127365112 2.7109224796295166 -3.1501290798187256
v -1.289077639579773 2.7109224796295166 -3.1501290798187256
v -1.289077639579773 2.4890778064727783 -3.1501290798187256
v -1.5109223127365112 2.7109224796295166 -3.1501290798187256
v -1.289077639579773 2.4890778064727783 -3.1501290798187256
v -1.5109223127365112 2.4890778064727783 -3.1501290798187256
v -1.289077639579773 2.7109224796295166 -0.07940705120563507
v -1.5109223127365112 2.7109224796295166 -0.07940705120563507
v -1.5109223127365112 2.4890778064727783 -0.07940705120563507
v -1.289077639579773 2.7109224796295166 -0.07940705120563507
v -1.5109223127365112 2.4890778064727783 -0.07940705120563507
v -1.289077639579773 2.4890778064727783 -0.07940705120563507
v -1.4675729274749756 -2.5252597332000732 -2.3898887634277344
v -1.4675729274749756 -2.5252597332000732 -2.2494585514068604
v -1.4675729274749756 2.5252597332000732 -2.2494585514068604
v -1.4675729274749756 -2.5252597332000732 -2.3898887634277344
v -1.4675729274749756 2.5252597332000732 -2.2494585514068604
v -1.4675729274749756 2.5252597332000732 -2.3898887634277344
v -1.4675729274749756 2.5252597332000732 -2.3898887634277344
v -1.4675729274749756 2.5252597332000732 -2.2494585514068604
v -1.3271429538726807 2.5252597332000732 -2.2494585514068604
v -1.4675729274749756 2.5252597332000732 -2.3898887634277344
v -1.3271429538726807 2.5252597332000732 -2.2494585514068604
v -1.3271429538726807 2.5252597332000732 -2.3898887634277344
v -1.3271429538726807 2.5252597332000732 -2.3898887634277344
v -1.3271429538726807 2.5252597332000732 -2.2494585514068604
v -1.3271429538726807 -2.5252597332000732 -2.2494585514068604
v -1.3271429538726807 2.5252597332000732 -2.3898887634277344
v -1.3271429538726807 -2.5252597332000732 -2.2494585514068604
v -1.3271429538726807 -2.5252597332000732 -2.3898887634277344
v -1.3271429538726807 -2.5252597332000732 -2.3898887634277344
v -1.3271429538726807 -2.5252597332000732 -2.2494585514068604
v -1.4675729274749756 -2.5252597332000732 -2.2494585514068604
v -1.3271429538726807 -2.5252597332000732 -2.3898887634277344
v -1.4675729274749756 -2.5252597332000732 -2.2494585514068604
v -1.4675729274749756 -2.5252597332000732 -2.3898887634277344
v -1.4675729274749756 2.5252597332000732 -2.3898887634277344
v -1.3271429538726807 2.5252597332000732 -2.3898887634277344
v -1.3271429538726807 -2.5252597332000732 -2.3898887634277344
v -1.4675729274749756 2.5252597332000732 -2.3898887634277344
v -1.3271429538726807 -2.5252597332000732 -2.3898887634277344
v -1.4675729274749756 -2.5252597332000732 -2.3898887634277344
v -1.3271429538726807 2.5252597332000732 -2.2494585514068604
v -1.4675729274749756 2.5252597332000732 -2.2494585514068604
v -1.4675729274749756 -2.5252597332000732 -2.2494585514068604
v -1.3271429538726807 2.5252597332000732 -2.2494585514068604
v -1.4675729274749756 -2.5252597332000732 -2.2494585514068604
v -1.3271429538726807 -2.5252597332000732 -2.2494585514068604
v 1.4367494583129883 -2.670215129852295 -2.3898887634277344
v 1.4367494583129883 -2.670215129852295 -2.2494585514068604
v -1.4314656257629395 -2.670215129852295 -2.2494585514068604
v 1.4367494583129883 -2.670215129852295 -2.3898887634277344
v -1.4314656257629395 -2.670215129852295 -2.2494585514068604
v -1.4314656257629395 -2.670215129852295 -2.3898887634277344
v -1.4314656257629395 -2.670215129852295 -2.3898887634277344
v -1.4314656257629395 -2.670215129852295 -2.2494585514068604
v -1.4314656257629395 -2.52978515625 -2.2494585514068604
v -1.4314656257629395 -2.670215129852295 -2.3898887634277344
v -1.4314656257629395 -2.52978515625 -2.2494585514068604
v -1.4314656257629395 -2.52978515625 -2.3898887634277344
v -1.4314656257629395 -2.52978515625 -2.3898887634277344
v -1.4314656257629395 -2.52978515625 -2.2494585514068604
v 1.4367494583129883 -2.52978515625 -2.2494585514068604
v -1.4314656257629395 -2.52978515625 -2.3898887634277344
v 1.4367494583129883 -2.52978515625 -2.2494585514068604
v 1.4367494583129883 -2.52978515625 -2.3898887634277344
v 1.4367494583129883 -2.52978515625 -2.3898887634277344
v 1.4367494583129883 -2.52978515625 -2.2494585514068604
v 1.4367494583129883 -2.670215129852295 -2.2494585514068604
v 1.4367494583129883 -2.52978515625 -2.3898887634277344
v 1.4367494583129883 -2.670215129852295 -2.2494585514068604
v 1.4367494583129883 -2.670215129852295 -2.3898887634277344
v -1.4314656257629395 -2.670215129852295 -2.3898887634277344
v -1.4314656257629395 -2.52978515625 -2.3898887634277344
v 1.4367494583129883 -2.52978515625 -2.3898887634277344
v -1.4314656257629395 -2.670215129852295 -2.3898887634277344
v 1.4367494583129883 -2.52978515625 -2.3898887634277344
v 1.4367494583129883 -2.670215129852295 -2.3898887634277344
v -1.4314656257629395 -2.52978515625 -2.2494585514068604
v -1.4314656257629395 -2.670215129852295 -2.2494585514068604
v 1.4367494583129883 -2.670215129852295 -2.2494585514068604
v -1.4314656257629395 -2.52978515625 -2.2494585514068604
v 1.4367494583129883 -2.670215129852295 -2.2494585514068604
v 1.4367494583129883 -2.52978515625 -2.2494585514068604
v 1.4367494583129883 2.52978515625 -2.3898887634277344
v 1.4367494583129883 2.52978515625 -2.2494585514068604
v -1.4314656257629395 2.52978515625 -2.2494585514068604
v 1.4367494583129883 2.52978515625 -2.3898887634277344
v -1.4314656257629395 2.52978515625 -2.2494585514068604
v -1.4314656257629395 2.52978515625 -2.3898887634277344
v -1.4314656257629395 2.52978515625 -2.3898887634277344
v -1.4314656257629395 2.52978515625 -2.2494585514068604
v -1.4314656257629395 2.670215129852295 -2.2494585514068604
v -1.4314656257629395 2.52978515625 -2.3898887634277344
v -1.4314656257629395 2.670215129852295 -2.2494585514068604
v -1.4314656257629395 2.670215129852295 -2.3898887634277344
v -1.4314656257629395 2.670215129852295 -2.3898887634277344
v -1.4314656257629395 2.670215129852295 -2.2494585514068604
v 1.4367494583129883 2.670215129852295 -2.2494585514068604
v -1.4314656257629395 2.670215129852295 -2.3898887634277344
v 1.4367494583129883 2.670215129852295 -2.2494585514068604
v 1.4367494583129883 2.670215129852295 -2.3898887634277344
v 1.4367494583129883 2.670215129852295 -2.3898887634277344
v 1.4367494583129883 2.670215129852295 -2.2494585514068604
v 1.4367494583129883 2.52978515625 -2.2494585514068604
v 1.4367494583129883 2.670215129852295 -2.3898887634277344
v 1.4367494583129883 2.52978515625 -2.2494585514068604
v 1.4367494583129883 2.52978515625 -2.3898887634277344
v -1.4314656257629395 2.52978515625 -2.3898887634277344
v -1.4314656257629395 2.670215129852295 -2.3898887634277344
v 1.4367494583129883 2.670215129852295 -2.3898887634277344
v -1.4314656257629395 2.52978515625 -2.3898887634277344
v 1.4367494583129883 2.670215129852295 -2.3898887634277344
v 1.4367494583129883 2.52978515625 -2.3898887634277344
v -1.4314656257629395 2.670215129852295 -2.2494585514068604
v -1.4314656257629395 2.52978515625 -2.2494585514068604
v 1.4367494583129883 2.52978515625 -2.2494585514068604
v -1.4314656257629395 2.670215129852295 -2.2494585514068604
v 1.4367494583129883 2.52978515625 -2.2494585514068604
v 1.4367494583129883 2.670215129852295 -2.2494585514068604
vt 0.08103805780410767 1.0613481998443604
vt -0.013927968218922615 1.0613481998443604
vt -0.01392790861427784 -0.0980767011642456
vt 0.08103805780410767 1.0613481998443604
vt -0.01392790861427784 -0.0980767011642456
vt 0.08103823661804199 -0.0980767011642456
vt 0.971896767616272 0.8760162591934204
vt 0.9542573690414429 0.8760162591934204
vt 0.9542573690414429 0.4119246006011963
vt 0.971896767616272 0.8760162591934204
vt 0.9542573690414429 0.4119246006011963
vt 0.971896767616272 0.4119246006011963
vt 0.23736228048801422 0.8029665946960449
vt 0.25500166416168213 0.8029665946960449
vt 0.2550016939640045 0.8312708139419556
vt 0.23736228048801422 0.8029665946960449
vt 0.2550016939640045 0.8312708139419556
vt 0.23736229538917542 0.8312708139419556
vt 0.5187395811080933 1.0067312717437744
vt 0.4761223793029785 1.0067312717437744
vt 0.4761223793029785 -0.11452126502990723
vt 0.5187395811080933 1.0067312717437744
vt 0.4761223793029785 -0.11452126502990723
vt 0.5187395811080933 -0.11452126502990723
vt 0.5719729661941528 5.960464477539063e-8
vt 0.6017215251922607 5.960464477539063e-8
vt 0.601721465587616 0.563321053981781
vt 0.5719729661941528 5.960464477539063e-8
vt 0.601721465587616 0.563321053981781
vt 0.5719729661941528 0.563321053981781
vt 0.9169000387191772 1.06134831905365
vt 0.821933925151825 1.06134831905365
vt 0.8219342827796936 -0.09807658195495605
vt 0.9169000387191772 1.06134831905365
vt 0.8219342827796936 -0.09807658195495605
vt 0.9169001579284668 -0.09807658195495605
vt 0.32009854912757874 0
vt 0.3527560234069824 0
vt 0.35275599360466003 0.5633209943771362
vt 0.32009854912757874 0
vt 0.35275599360466003 0.5633209943771362
vt 0.32009848952293396 0.5633209943771362
vt 0.3585740327835083 0
vt 0.38832253217697144 0
vt 0.38832247257232666 0.5633209943771362
vt 0.3585740327835083 0
vt 0.38832247257232666 0.5633209943771362
vt 0.3585739731788635 0.5633209943771362
vt 0.3941405117511749 0
vt 0.42388901114463806 0
vt 0.4238889813423157 0.5633209943771362
vt 0.3941405117511749 0
vt 0.4238889813423157 0.5633209943771362
vt 0.39414048194885254 0.5633209943771362
vt 0.42970702052116394 0
vt 0.4594555199146271 0
vt 0.4594554901123047 0.5633209943771362
vt 0.42970702052116394 0
vt 0.4594554901123047 0.5633209943771362
vt 0.42970696091651917 0.5633209943771362
vt 0.46527349948883057 0
vt 0.4950219988822937 0
vt 0.4950219690799713 0.5633209943771362
vt 0.46527349948883057 0
vt 0.4950219690799713 0.5633209943771362
vt 0.4652734696865082 0.5633209943771362
vt 0.5008400082588196 0
vt 0.5305885076522827 0
vt 0.5305884480476379 0.5633209943771362
vt 0.5008400082588196 0
vt 0.5305884480476379 0.5633209943771362
vt 0.5008399486541748 0.5633209943771362
vt 0.5364065170288086 0
vt 0.5661550164222717 5.960464477539063e-8
vt 0.566154956817627 0.563321053981781
vt 0.5364065170288086 0
vt 0.566154956817627 0.563321053981781
vt 0.5364064574241638 0.5633209943771362
vt 0.23736225068569183 0.563321053981781
vt 0.25500163435935974 0.563321053981781
vt 0.25500163435935974 0.5943929553031921
vt 0.23736225068569183 0.563321053981781
vt 0.25500163435935974 0.5943929553031921
vt 0.23736225068569183 0.5943929553031921
vt 0.23736225068569183 0.5999284982681274
vt 0.25500163435935974 0.5999284982681274
vt 0.25500163435935974 0.6282326579093933
vt 0.23736225068569183 0.5999284982681274
vt 0.25500163435935974 0.6282326579093933
vt 0.23736225068569183 0.6282326579093933
vt 0.23736225068569183 0.6337682008743286
vt 0.25500163435935974 0.6337682008743286
vt 0.25500166416168213 0.6620723605155945
vt 0.23736225068569183 0.6337682008743286
vt 0.25500166416168213 0.6620723605155945
vt 0.23736226558685303 0.6620723605155945
vt 0.23736226558685303 0.667607843875885
vt 0.25500166416168213 0.667607843875885
vt 0.25500166416168213 0.6959120035171509
vt 0.23736226558685303 0.667607843875885
vt 0.25500166416168213 0.6959120035171509
vt 0.23736226558685303 0.6959120035171509
vt 0.23736226558685303 0.7014475464820862
vt 0.25500166416168213 0.7014475464820862
vt 0.25500166416168213 0.729751706123352
vt 0.23736226558685303 0.7014475464820862
vt 0.25500166416168213 0.729751706123352
vt 0.23736228048801422 0.729751706123352
vt 0.23736228048801422 0.7352872490882874
vt 0.25500166416168213 0.7352872490882874
vt 0.25500166416168213 0.7635914087295532
vt 0.23736228048801422 0.7352872490882874
vt 0.25500166416168213 0.7635914087295532
vt 0.23736228048801422 0.7635914087295532
vt 0.23736228048801422 0.7691269516944885
vt 0.25500166416168213 0.7691269516944885
vt 0.25500166416168213 0.7974311113357544
vt 0.23736228048801422 0.7691269516944885
vt 0.25500166416168213 0.7974311113357544
vt 0.23736228048801422 0.7974311113357544
vt 0.6075394749641418 5.960464477539063e-8
vt 0.6401969790458679 5.960464477539063e-8
vt 0.6401969194412231 0.563321053981781
vt 0.6075394749641418 5.960464477539063e-8
vt 0.6401969194412231 0.563321053981781
vt 0.6075394749641418 0.563321053981781
vt 0.8050154447555542 1.06134831905365
vt 0.7185087203979492 1.06134831905365
vt 0.7185087203979492 -0.09807658195495605
vt 0.8050154447555542 1.06134831905365
vt 0.7185087203979492 -0.09807658195495605
vt 0.8050156831741333 -0.09807658195495605
vt 0.9542573690414429 0.42953646183013916
vt 0.9366179704666138 0.42953646183013916
vt 0.9366179704666138 0.4119246006011963
vt 0.9542573690414429 0.42953646183013916
vt 0.9366179704666138 0.4119246006011963
vt 0.9542573690414429 0.4119246006011963
vt 0.5981647968292236 1.0613481998443604
vt 0.5116578936576843 1.0613481998443604
vt 0.5116580724716187 -0.09807658195495605
vt 0.5981647968292236 1.0613481998443604
vt 0.5116580724716187 -0.09807658195495605
vt 0.5981650352478027 -0.09807658195495605
vt 0.49473950266838074 1.0613481998443604
vt 0.4082326591014862 1.0613481998443604
vt 0.4082326591014862 -0.09807658195495605
vt 0.49473950266838074 1.0613481998443604
vt 0.4082326591014862 -0.09807658195495605
vt 0.4947396218776703 -0.09807658195495605
vt 0.39131420850753784 1.0613481998443604
vt 0.304807186126709 1.0613481998443604
vt 0.304807186126709 -0.09807658195495605
vt 0.39131420850753784 1.0613481998443604
vt 0.304807186126709 -0.09807658195495605
vt 0.39131420850753784 -0.09807658195495605
vt 0.287888765335083 1.0613481998443604
vt 0.20138192176818848 1.0613481998443604
vt 0.20138192176818848 -0.0980767011642456
vt 0.287888765335083 1.0613481998443604
vt 0.20138192176818848 -0.0980767011642456
vt 0.2878890037536621 -0.09807658195495605
vt 0.1844635009765625 1.0613481998443604
vt 0.0979565680027008 1.0613481998443604
vt 0.09795662760734558 -0.0980767011642456
vt 0.1844635009765625 1.0613481998443604
vt 0.09795662760734558 -0.0980767011642456
vt 0.18446362018585205 -0.0980767011642456
vt 0.6357888579368591 0.5809328556060791
vt 0.61814945936203 0.5809328556060791
vt 0.61814945936203 0.563321053981781
vt 0.6357888579368591 0.5809328556060791
vt 0.61814945936203 0.563321053981781
vt 0.6357888579368591 0.563321053981781
vt 0.5111232399940491 0.6004843711853027
vt 0.4934838116168976 0.6004843711853027
vt 0.4934838116168976 0.5844413042068481
vt 0.5111232399940491 0.6004843711853027
vt 0.4934838116168976 0.5844413042068481
vt 0.5111232399940491 0.5844413042068481
vt 0.7015902996063232 1.06134831905365
vt 0.6150832176208496 1.0613481998443604
vt 0.6150833368301392 -0.09807658195495605
vt 0.7015902996063232 1.06134831905365
vt 0.6150833368301392 -0.09807658195495605
vt 0.7015904188156128 -0.09807658195495605
vt 0.5464020371437073 0.589324414730072
vt 0.5640414357185364 0.589324414730072
vt 0.5640414357185364 0.6053674817085266
vt 0.5464020371437073 0.589324414730072
vt 0.5640414357185364 0.6053674817085266
vt 0.5464020371437073 0.6053674817085266
vt 0.5287626385688782 0.589324414730072
vt 0.5464020371437073 0.589324414730072
vt 0.5464020371437073 0.6053674817085266
vt 0.5287626385688782 0.589324414730072
vt 0.5464020371437073 0.6053674817085266
vt 0.5287626385688782 0.6053674817085266
vt 0.4758443832397461 0.6004844307899475
vt 0.458204984664917 0.6004843711853027
vt 0.458204984664917 0.5844413042068481
vt 0.4758443832397461 0.6004844307899475
vt 0.458204984664917 0.5844413042068481
vt 0.4758443832397461 0.5844413042068481
vt 0.5287626385688782 0.6004843711853027
vt 0.5111232399940491 0.6004843711853027
vt 0.5111232399940491 0.5844413042068481
vt 0.5287626385688782 0.6004843711853027
vt 0.5111232399940491 0.5844413042068481
vt 0.5287626385688782 0.5844413042068481
vt 0.458204984664917 0.6004843711853027
vt 0.4405655860900879 0.6004843711853027
vt 0.4405655860900879 0.5844413042068481
vt 0.458204984664917 0.6004843711853027
vt 0.4405655860900879 0.5844413042068481
vt 0.458204984664917 0.5844413042068481
vt 0.4758444130420685 0.589324414730072
vt 0.4934837818145752 0.589324414730072
vt 0.4934837818145752 0.6053674817085266
vt 0.4758444130420685 0.589324414730072
vt 0.4934837818145752 0.6053674817085266
vt 0.4758444130420685 0.6053674817085266
vt 0.25500163435935974 0.5999284982681274
vt 0.23736225068569183 0.5999284982681274
vt 0.23748824000358582 0.5971607565879822
vt 0.25500163435935974 0.5999284982681274
vt 0.23748824000358582 0.5971607565879822
vt 0.25423234701156616 0.5971606969833374
vt 0.25423234701156616 0.5971606969833374
vt 0.23748824000358582 0.5971607565879822
vt 0.23736225068569183 0.5943929553031921
vt 0.25423234701156616 0.5971606969833374
vt 0.23736225068569183 0.5943929553031921
vt 0.25500163435935974 0.5943929553031921
vt 0.25500163435935974 0.6337682008743286
vt 0.23736225068569183 0.6337682008743286
vt 0.23748824000358582 0.6310003995895386
vt 0.25500163435935974 0.6337682008743286
vt 0.23748824000358582 0.6310003995895386
vt 0.25423234701156616 0.6310003995895386
vt 0.25423234701156616 0.6310003995895386
vt 0.23748824000358582 0.6310003995895386
vt 0.23736225068569183 0.6282326579093933
vt 0.25423234701156616 0.6310003995895386
vt 0.23736225068569183 0.6282326579093933
vt 0.25500163435935974 0.6282326579093933
vt 0.25500166416168213 0.667607843875885
vt 0.23736226558685303 0.667607843875885
vt 0.237488254904747 0.6648401021957397
vt 0.25500166416168213 0.667607843875885
vt 0.237488254904747 0.6648401021957397
vt 0.25423234701156616 0.6648401021957397
vt 0.25423234701156616 0.6648401021957397
vt 0.237488254904747 0.6648401021957397
vt 0.23736226558685303 0.6620723605155945
vt 0.25423234701156616 0.6648401021957397
vt 0.23736226558685303 0.6620723605155945
vt 0.25500166416168213 0.6620723605155945
vt 0.25500166416168213 0.7014475464820862
vt 0.23736226558685303 0.7014475464820862
vt 0.237488254904747 0.6986798048019409
vt 0.25500166416168213 0.7014475464820862
vt 0.237488254904747 0.6986798048019409
vt 0.25423234701156616 0.6986798048019409
vt 0.25423234701156616 0.6986798048019409
vt 0.237488254904747 0.6986798048019409
vt 0.23736226558685303 0.6959120035171509
vt 0.25423234701156616 0.6986798048019409
vt 0.23736226558685303 0.6959120035171509
vt 0.25500166416168213 0.6959120035171509
vt 0.25500166416168213 0.7352872490882874
vt 0.23736228048801422 0.7352872490882874
vt 0.237488254904747 0.7325195074081421
vt 0.25500166416168213 0.7352872490882874
vt 0.237488254904747 0.7325195074081421
vt 0.25423237681388855 0.7325195074081421
vt 0.25423237681388855 0.7325195074081421
vt 0.237488254904747 0.7325195074081421
vt 0.23736228048801422 0.729751706123352
vt 0.25423237681388855 0.7325195074081421
vt 0.23736228048801422 0.729751706123352
vt 0.25500166416168213 0.729751706123352
vt 0.25500166416168213 0.7691269516944885
vt 0.23736228048801422 0.7691269516944885
vt 0.2374882698059082 0.7663591504096985
vt 0.25500166416168213 0.7691269516944885
vt 0.2374882698059082 0.7663591504096985
vt 0.25423237681388855 0.7663591504096985
vt 0.25423237681388855 0.7663591504096985
vt 0.2374882698059082 0.7663591504096985
vt 0.23736228048801422 0.7635914087295532
vt 0.25423237681388855 0.7663591504096985
vt 0.23736228048801422 0.7635914087295532
vt 0.25500166416168213 0.7635914087295532
vt 0.25500166416168213 0.8029665946960449
vt 0.23736228048801422 0.8029665946960449
vt 0.2374882698059082 0.8001988530158997
vt 0.25500166416168213 0.8029665946960449
vt 0.2374882698059082 0.8001988530158997
vt 0.25423237681388855 0.8001988530158997
vt 0.25423237681388855 0.8001988530158997
vt 0.2374882698059082 0.8001988530158997
vt 0.23736228048801422 0.7974311113357544
vt 0.25423237681388855 0.8001988530158997
vt 0.23736228048801422 0.7974311113357544
vt 0.25500166416168213 0.7974311113357544
vt 0.2550016939640045 0.8368062973022461
vt 0.23736229538917542 0.8368062973022461
vt 0.2374882847070694 0.8340385556221008
vt 0.2550016939640045 0.8368062973022461
vt 0.2374882847070694 0.8340385556221008
vt 0.25423237681388855 0.8340385556221008
vt 0.25423237681388855 0.8340385556221008
vt 0.2374882847070694 0.8340385556221008
vt 0.23736229538917542 0.8312708139419556
vt 0.25423237681388855 0.8340385556221008
vt 0.23736229538917542 0.8312708139419556
vt 0.2550016939640045 0.8312708139419556
vt 0.3585740327835083 0
vt 0.3585739731788635 0.5633209943771362
vt 0.3556649684906006 0.5592980980873108
vt 0.3585740327835083 0
vt 0.3556649684906006 0.5592980980873108
vt 0.35566502809524536 0.0040228962898254395
vt 0.35566502809524536 0.0040228962898254395
vt 0.3556649684906006 0.5592980980873108
vt 0.35275599360466003 0.5633209943771362
vt 0.35566502809524536 0.0040228962898254395
vt 0.35275599360466003 0.5633209943771362
vt 0.3527560234069824 0
vt 0.3941405117511749 0
vt 0.39414048194885254 0.5633209943771362
vt 0.3912314772605896 0.5592980980873108
vt 0.3941405117511749 0
vt 0.3912314772605896 0.5592980980873108
vt 0.391231507062912 0.0040228962898254395
vt 0.391231507062912 0.0040228962898254395
vt 0.3912314772605896 0.5592980980873108
vt 0.38832247257232666 0.5633209943771362
vt 0.391231507062912 0.0040228962898254395
vt 0.38832247257232666 0.5633209943771362
vt 0.38832253217697144 0
vt 0.42970702052116394 0
vt 0.42970696091651917 0.5633209943771362
vt 0.4267979860305786 0.5592980980873108
vt 0.42970702052116394 0
vt 0.4267979860305786 0.5592980980873108
vt 0.426798015832901 0.0040228962898254395
vt 0.426798015832901 0.0040228962898254395
vt 0.4267979860305786 0.5592980980873108
vt 0.4238889813423157 0.5633209943771362
vt 0.426798015832901 0.0040228962898254395
vt 0.4238889813423157 0.5633209943771362
vt 0.42388901114463806 0
vt 0.46527349948883057 0
vt 0.4652734696865082 0.5633209943771362
vt 0.46236446499824524 0.5592980980873108
vt 0.46527349948883057 0
vt 0.46236446499824524 0.5592980980873108
vt 0.4623644948005676 0.0040228962898254395
vt 0.4623644948005676 0.0040228962898254395
vt 0.46236446499824524 0.5592980980873108
vt 0.4594554901123047 0.5633209943771362
vt 0.4623644948005676 0.0040228962898254395
vt 0.4594554901123047 0.5633209943771362
vt 0.4594555199146271 0
vt 0.5008400082588196 0
vt 0.5008399486541748 0.5633209943771362
vt 0.49793097376823425 0.5592980980873108
vt 0.5008400082588196 0
vt 0.49793097376823425 0.5592980980873108
vt 0.49793100357055664 0.0040228962898254395
vt 0.49793100357055664 0.0040228962898254395
vt 0.49793097376823425 0.5592980980873108
vt 0.4950219690799713 0.5633209943771362
vt 0.49793100357055664 0.0040228962898254395
vt 0.4950219690799713 0.5633209943771362
vt 0.4950219988822937 0
vt 0.5364065170288086 0
vt 0.5364064574241638 0.5633209943771362
vt 0.5334974527359009 0.5592980980873108
vt 0.5364065170288086 0
vt 0.5334974527359009 0.5592980980873108
vt 0.5334975123405457 0.0040228962898254395
vt 0.5334975123405457 0.0040228962898254395
vt 0.5334974527359009 0.5592980980873108
vt 0.5305884480476379 0.5633209943771362
vt 0.5334975123405457 0.0040228962898254395
vt 0.5305884480476379 0.5633209943771362
vt 0.5305885076522827 0
vt 0.5719729661941528 5.960464477539063e-8
vt 0.5719729661941528 0.563321053981781
vt 0.5690639615058899 0.5592981576919556
vt 0.5719729661941528 5.960464477539063e-8
vt 0.5690639615058899 0.5592981576919556
vt 0.5690640211105347 0.004022955894470215
vt 0.5690640211105347 0.004022955894470215
vt 0.5690639615058899 0.5592981576919556
vt 0.566154956817627 0.563321053981781
vt 0.5690640211105347 0.004022955894470215
vt 0.566154956817627 0.563321053981781
vt 0.5661550164222717 5.960464477539063e-8
vt 0.6075394749641418 5.960464477539063e-8
vt 0.6075394749641418 0.563321053981781
vt 0.6046304702758789 0.5592981576919556
vt 0.6075394749641418 5.960464477539063e-8
vt 0.6046304702758789 0.5592981576919556
vt 0.6046304702758789 0.004022955894470215
vt 0.6046304702758789 0.004022955894470215
vt 0.6046304702758789 0.5592981576919556
vt 0.601721465587616 0.563321053981781
vt 0.6046304702758789 0.004022955894470215
vt 0.601721465587616 0.563321053981781
vt 0.6017215251922607 5.960464477539063e-8
vt 0.4934838116168976 0.6004843711853027
vt 0.5111232399940491 0.6004843711853027
vt 0.5109972357749939 0.6053674221038818
vt 0.4934838116168976 0.6004843711853027
vt 0.5109972357749939 0.6053674221038818
vt 0.49425309896469116 0.6053674221038818
vt 0.6012458205223083 0.6004923582077026
vt 0.6012458205223083 0.5845611691474915
vt 0.6063780784606934 0.5844413042068481
vt 0.6012458205223083 0.6004923582077026
vt 0.6063780784606934 0.5844413042068481
vt 0.6063780784606934 0.6012243032455444
vt 0.5640414357185364 0.589324414730072
vt 0.5464020371437073 0.589324414730072
vt 0.5465280413627625 0.5844413638114929
vt 0.5640414357185364 0.589324414730072
vt 0.5465280413627625 0.5844413638114929
vt 0.5632721781730652 0.5844413042068481
vt 0.6063780784606934 0.6004923582077026
vt 0.6063780784606934 0.5845611691474915
vt 0.6115103363990784 0.5844413042068481
vt 0.6063780784606934 0.6004923582077026
vt 0.6115103363990784 0.5844413042068481
vt 0.6115103363990784 0.6012243032455444
vt 0.5464020371437073 0.589324414730072
vt 0.5287626385688782 0.589324414730072
vt 0.5288886427879333 0.5844413638114929
vt 0.5464020371437073 0.589324414730072
vt 0.5288886427879333 0.5844413638114929
vt 0.5456327795982361 0.5844413042068481
vt 0.6181495189666748 0.6018669605255127
vt 0.61814945936203 0.5859357714653015
vt 0.623281717300415 0.5858159065246582
vt 0.6181495189666748 0.6018669605255127
vt 0.623281717300415 0.5858159065246582
vt 0.623281717300415 0.6025989055633545
vt 0.458204984664917 0.6004843711853027
vt 0.4758443832397461 0.6004844307899475
vt 0.4757184088230133 0.6053674817085266
vt 0.458204984664917 0.6004843711853027
vt 0.4757184088230133 0.6053674817085266
vt 0.45897427201271057 0.6053674817085266
vt 0.6284140348434448 0.6018669605255127
vt 0.6284140348434448 0.5859357714653015
vt 0.6335462927818298 0.5858159065246582
vt 0.6284140348434448 0.6018669605255127
vt 0.6335462927818298 0.5858159065246582
vt 0.6335462927818298 0.6025989055633545
vt 0.5111232399940491 0.6004843711853027
vt 0.5287626385688782 0.6004843711853027
vt 0.528636634349823 0.6053674817085266
vt 0.5111232399940491 0.6004843711853027
vt 0.528636634349823 0.6053674817085266
vt 0.5118924975395203 0.6053674817085266
vt 0.6232817769050598 0.6018669605255127
vt 0.6232817769050598 0.5859357714653015
vt 0.6284139752388 0.5858159065246582
vt 0.6232817769050598 0.6018669605255127
vt 0.6284139752388 0.5858159065246582
vt 0.6284139752388 0.6025989055633545
vt 0.4405655860900879 0.6004843711853027
vt 0.458204984664917 0.6004843711853027
vt 0.4580790102481842 0.6053674817085266
vt 0.4405655860900879 0.6004843711853027
vt 0.4580790102481842 0.6053674817085266
vt 0.44133487343788147 0.6053674817085266
vt 0.5640414357185364 0.6138617396354675
vt 0.5640414357185364 0.5979305505752563
vt 0.5691736340522766 0.597810685634613
vt 0.5640414357185364 0.6138617396354675
vt 0.5691736340522766 0.597810685634613
vt 0.5691736340522766 0.6145936846733093
vt 0.4934837818145752 0.589324414730072
vt 0.4758444130420685 0.589324414730072
vt 0.47597038745880127 0.5844413042068481
vt 0.4934837818145752 0.589324414730072
vt 0.47597038745880127 0.5844413042068481
vt 0.4927144944667816 0.5844413042068481
vt 0.6335462927818298 0.6018669605255127
vt 0.6335463523864746 0.5859357714653015
vt 0.6386785507202148 0.5858159065246582
vt 0.6335462927818298 0.6018669605255127
vt 0.6386785507202148 0.5858159065246582
vt 0.6386785507202148 0.6025989055633545
vt 0.61814945936203 0.5809328556060791
vt 0.6357888579368591 0.5809328556060791
vt 0.6356629133224487 0.585815966129303
vt 0.61814945936203 0.5809328556060791
vt 0.6356629133224487 0.585815966129303
vt 0.618918776512146 0.585815966129303
vt 0.6115103363990784 0.6004923582077026
vt 0.6115103363990784 0.5845611691474915
vt 0.6166425943374634 0.5844413042068481
vt 0.6115103363990784 0.6004923582077026
vt 0.6166425943374634 0.5844413042068481
vt 0.6166425943374634 0.6012243032455444
vt 0.8050154447555542 1.06134831905365
vt 0.8050156831741333 -0.09807658195495605
vt 0.8134748339653015 -0.08979654312133789
vt 0.8050154447555542 1.06134831905365
vt 0.8134748339653015 -0.08979654312133789
vt 0.8134748339653015 1.0530683994293213
vt 0.8134748339653015 1.0530683994293213
vt 0.8134748339653015 -0.08979654312133789
vt 0.8219342827796936 -0.09807658195495605
vt 0.8134748339653015 1.0530683994293213
vt 0.8219342827796936 -0.09807658195495605
vt 0.821933925151825 1.06134831905365
vt 0.7015902996063232 1.06134831905365
vt 0.7015904188156128 -0.09807658195495605
vt 0.7100496292114258 -0.08979654312133789
vt 0.7015902996063232 1.06134831905365
vt 0.7100496292114258 -0.08979654312133789
vt 0.7100495100021362 1.0530683994293213
vt 0.7100495100021362 1.0530683994293213
vt 0.7100496292114258 -0.08979654312133789
vt 0.7185087203979492 -0.09807658195495605
vt 0.7100495100021362 1.0530683994293213
vt 0.7185087203979492 -0.09807658195495605
vt 0.7185087203979492 1.06134831905365
vt 0.5981647968292236 1.0613481998443604
vt 0.5981650352478027 -0.09807658195495605
vt 0.6066242456436157 -0.08979654312133789
vt 0.5981647968292236 1.0613481998443604
vt 0.6066242456436157 -0.08979654312133789
vt 0.6066240668296814 1.0530681610107422
vt 0.6066240668296814 1.0530681610107422
vt 0.6066242456436157 -0.08979654312133789
vt 0.6150833368301392 -0.09807658195495605
vt 0.6066240668296814 1.0530681610107422
vt 0.6150833368301392 -0.09807658195495605
vt 0.6150832176208496 1.0613481998443604
vt 0.49473950266838074 1.0613481998443604
vt 0.4947396218776703 -0.09807658195495605
vt 0.5031988620758057 -0.08979654312133789
vt 0.49473950266838074 1.0613481998443604
vt 0.5031988620758057 -0.08979654312133789
vt 0.5031986832618713 1.0530681610107422
vt 0.5031986832618713 1.0530681610107422
vt 0.5031988620758057 -0.08979654312133789
vt 0.5116580724716187 -0.09807658195495605
vt 0.5031986832618713 1.0530681610107422
vt 0.5116580724716187 -0.09807658195495605
vt 0.5116578936576843 1.0613481998443604
vt 0.39131420850753784 1.0613481998443604
vt 0.39131420850753784 -0.09807658195495605
vt 0.39977341890335083 -0.08979654312133789
vt 0.39131420850753784 1.0613481998443604
vt 0.39977341890335083 -0.08979654312133789
vt 0.39977318048477173 1.0530681610107422
vt 0.39977318048477173 1.0530681610107422
vt 0.39977341890335083 -0.08979654312133789
vt 0.4082326591014862 -0.09807658195495605
vt 0.39977318048477173 1.0530681610107422
vt 0.4082326591014862 -0.09807658195495605
vt 0.4082326591014862 1.0613481998443604
vt 0.287888765335083 1.0613481998443604
vt 0.2878890037536621 -0.09807658195495605
vt 0.2963480055332184 -0.08979654312133789
vt 0.287888765335083 1.0613481998443604
vt 0.2963480055332184 -0.08979654312133789
vt 0.2963480055332184 1.0530681610107422
vt 0.2963480055332184 1.0530681610107422
vt 0.2963480055332184 -0.08979654312133789
vt 0.304807186126709 -0.09807658195495605
vt 0.2963480055332184 1.0530681610107422
vt 0.304807186126709 -0.09807658195495605
vt 0.304807186126709 1.0613481998443604
vt 0.1844635009765625 1.0613481998443604
vt 0.18446362018585205 -0.0980767011642456
vt 0.19292274117469788 -0.08979666233062744
vt 0.1844635009765625 1.0613481998443604
vt 0.19292274117469788 -0.08979666233062744
vt 0.19292274117469788 1.0530681610107422
vt 0.19292274117469788 1.0530681610107422
vt 0.19292274117469788 -0.08979666233062744
vt 0.20138192176818848 -0.0980767011642456
vt 0.19292274117469788 1.0530681610107422
vt 0.20138192176818848 -0.0980767011642456
vt 0.20138192176818848 1.0613481998443604
vt 0.08103805780410767 1.0613481998443604
vt 0.08103823661804199 -0.0980767011642456
vt 0.0894973874092102 -0.08979666233062744
vt 0.08103805780410767 1.0613481998443604
vt 0.0894973874092102 -0.08979666233062744
vt 0.08949726819992065 1.0530681610107422
vt 0.08949726819992065 1.0530681610107422
vt 0.0894973874092102 -0.08979666233062744
vt 0.09795662760734558 -0.0980767011642456
vt 0.08949726819992065 1.0530681610107422
vt 0.09795662760734558 -0.0980767011642456
vt 0.0979565680027008 1.0613481998443604
vt 0.23736229538917542 0.8368062973022461
vt 0.2550016939640045 0.8368062973022461
vt 0.2550016939640045 0.8678781986236572
vt 0.23736229538917542 0.8368062973022461
vt 0.2550016939640045 0.8678781986236572
vt 0.23736229538917542 0.8678781986236572
vt 0.6103123426437378 0.7430415153503418
vt 0.5694658756256104 0.7430415153503418
vt 0.5694658756256104 0.07245147228240967
vt 0.6103123426437378 0.7430415153503418
vt 0.5694658756256104 0.07245147228240967
vt 0.6103123426437378 0.07245147228240967
vt 0.2122713327407837 0.563321053981781
vt 0.23736219108104706 0.563321053981781
vt 0.23736225068569183 0.8214776515960693
vt 0.2122713327407837 0.563321053981781
vt 0.23736225068569183 0.8214776515960693
vt 0.21227137744426727 0.8214776515960693
vt 0.47862347960472107 0.023026227951049805
vt 0.5262149572372437 0.023026227951049805
vt 0.5262149572372437 0.8043510317802429
vt 0.47862347960472107 0.023026227951049805
vt 0.5262149572372437 0.8043510317802429
vt 0.47862347960472107 0.8043510317802429
vt 0.8952066898345947 0.31674760580062866
vt 0.9529381394386292 0.31674760580062866
vt 0.9529381394386292 0.6534271836280823
vt 0.8952066898345947 0.31674760580062866
vt 0.9529381394386292 0.6534271836280823
vt 0.8952066898345947 0.6534271836280823
vt 0.15924066305160522 -0.04829049110412598
vt 0.7227988243103027 -0.048290252685546875
vt 0.7227986454963684 0.9902198314666748
vt 0.15924066305160522 -0.04829049110412598
vt 0.7227986454963684 0.9902198314666748
vt 0.1592405140399933 0.9902198314666748
vt 0.9115270376205444 0.5
vt 0.6401969790458679 0.4999999403953552
vt 0.6401970386505127 0
vt 0.9115270376205444 0.5
vt 0.6401970386505127 0
vt 0.9115270972251892 5.960464477539063e-8
vt 0.2732895016670227 0.563321053981781
vt 0.27328959107398987 0.8556625247001648
vt 0.2550017237663269 0.8556625247001648
vt 0.2732895016670227 0.563321053981781
vt 0.2550017237663269 0.8556625247001648
vt 0.2550016939640045 0.563321053981781
vt 0.16787531971931458 0.85566246509552
vt 0.16787534952163696 0.563321053981781
vt 0.19007334113121033 0.563321053981781
vt 0.16787531971931458 0.85566246509552
vt 0.19007334113121033 0.563321053981781
vt 0.19007331132888794 0.85566246509552
vt 0.12551577389240265 0.2694661021232605
vt 0.12551581859588623 0.8208760023117065
vt 0.09102163463830948 0.8208760023117065
vt 0.12551577389240265 0.2694661021232605
vt 0.09102163463830948 0.8208760023117065
vt 0.09102161973714828 0.26946598291397095
vt 0.0743216723203659 0.563321053981781
vt 0.0743216797709465 0.8556625247001648
vt 0.06173967942595482 0.8556625247001648
vt 0.0743216723203659 0.563321053981781
vt 0.06173967942595482 0.8556625247001648
vt 0.06173966825008392 0.563321053981781
vt 0.46276357769966125 0.563321053981781
vt 0.48496153950691223 0.563321053981781
vt 0.48496153950691223 0.5844413042068481
vt 0.46276357769966125 0.563321053981781
vt 0.48496153950691223 0.5844413042068481
vt 0.46276357769966125 0.5844413042068481
vt 0.46276357769966125 0.5844413042068481
vt 0.4405655860900879 0.5844413042068481
vt 0.4405655860900879 0.563321053981781
vt 0.46276357769966125 0.5844413042068481
vt 0.4405655860900879 0.563321053981781
vt 0.46276357769966125 0.563321053981781
vt 0.30986523628234863 0.85566246509552
vt 0.30986523628234863 0.563321053981781
vt 0.3281530439853668 0.563321053981781
vt 0.30986523628234863 0.85566246509552
vt 0.3281530439853668 0.563321053981781
vt 0.3281530439853668 0.85566246509552
vt 0.12347929924726486 0.8556625247001648
vt 0.12347932159900665 0.563321053981781
vt 0.14567731320858002 0.563321053981781
vt 0.12347929924726486 0.8556625247001648
vt 0.14567731320858002 0.563321053981781
vt 0.14567728340625763 0.8556625247001648
vt 0.12347929924726486 0.563321053981781
vt 0.12347929924726486 0.8556625247001648
vt 0.10519151389598846 0.8556625247001648
vt 0.12347929924726486 0.563321053981781
vt 0.10519151389598846 0.8556625247001648
vt 0.10519153624773026 0.563321053981781
vt 0.10519153624773026 0.563321053981781
vt 0.10519151389598846 0.8556625247001648
vt 0.09260950982570648 0.8556625247001648
vt 0.10519153624773026 0.563321053981781
vt 0.09260950982570648 0.8556625247001648
vt 0.09260948747396469 0.563321053981781
vt 0.5293575525283813 0.563321053981781
vt 0.5515555143356323 0.563321053981781
vt 0.5515555143356323 0.5844413042068481
vt 0.5293575525283813 0.563321053981781
vt 0.5515555143356323 0.5844413042068481
vt 0.5293575525283813 0.5844413042068481
vt 0.5071595311164856 0.5844413042068481
vt 0.48496153950691223 0.5844413042068481
vt 0.48496153950691223 0.563321053981781
vt 0.5071595311164856 0.5844413042068481
vt 0.48496153950691223 0.563321053981781
vt 0.5071595311164856 0.563321053981781
vt 0.29157742857933044 0.85566246509552
vt 0.2915774881839752 0.563321053981781
vt 0.309865266084671 0.563321053981781
vt 0.29157742857933044 0.85566246509552
vt 0.309865266084671 0.563321053981781
vt 0.30986523628234863 0.85566246509552
vt 0.19007334113121033 0.85566246509552
vt 0.19007335603237152 0.563321053981781
vt 0.21227134764194489 0.563321053981781
vt 0.19007334113121033 0.85566246509552
vt 0.21227134764194489 0.563321053981781
vt 0.2122713178396225 0.85566246509552
vt 0.03086980991065502 0.563321053981781
vt 0.03086983412504196 0.8556625247001648
vt 0.012582050636410713 0.8556625247001648
vt 0.03086980991065502 0.563321053981781
vt 0.012582050636410713 0.8556625247001648
vt 0.012582026422023773 0.563321053981781
vt 0.012582026422023773 0.563321053981781
vt 0.012582050636410713 0.8556625247001648
vt 0 0.8556625247001648
vt 0.012582026422023773 0.563321053981781
vt 0 0.8556625247001648
vt 2.3856388864373912e-8 0.563321053981781
vt 0.5737535357475281 0.563321053981781
vt 0.595951497554779 0.563321053981781
vt 0.595951497554779 0.5844413042068481
vt 0.5737535357475281 0.563321053981781
vt 0.595951497554779 0.5844413042068481
vt 0.5737535357475281 0.5844413042068481
vt 0.5293575525283813 0.5844413042068481
vt 0.5071595311164856 0.5844413042068481
vt 0.5071595311164856 0.563321053981781
vt 0.5293575525283813 0.5844413042068481
vt 0.5071595311164856 0.563321053981781
vt 0.5293575525283813 0.563321053981781
vt 0.29157736897468567 0.563321053981781
vt 0.29157742857933044 0.8556625247001648
vt 0.27328965067863464 0.8556625247001648
vt 0.29157736897468567 0.563321053981781
vt 0.27328965067863464 0.8556625247001648
vt 0.27328959107398987 0.5633211135864258
vt 0.14567731320858002 0.85566246509552
vt 0.1456773281097412 0.563321053981781
vt 0.16787531971931458 0.563321053981781
vt 0.14567731320858002 0.85566246509552
vt 0.16787531971931458 0.563321053981781
vt 0.16787530481815338 0.85566246509552
vt 0.061739642173051834 0.5633211135864258
vt 0.06173966825008392 0.8556625247001648
vt 0.043451860547065735 0.8556625247001648
vt 0.061739642173051834 0.5633211135864258
vt 0.043451860547065735 0.8556625247001648
vt 0.043451860547065735 0.563321053981781
vt 0.043451860547065735 0.563321053981781
vt 0.043451860547065735 0.8556625247001648
vt 0.030869856476783752 0.8556625247001648
vt 0.043451860547065735 0.563321053981781
vt 0.030869856476783752 0.8556625247001648
vt 0.03086983412504196 0.5633211135864258
vt 0.5515555143356323 0.563321053981781
vt 0.5737535357475281 0.563321053981781
vt 0.5737535357475281 0.5844413042068481
vt 0.5515555143356323 0.563321053981781
vt 0.5737535357475281 0.5844413042068481
vt 0.5515555143356323 0.5844413042068481
vt 0.61814945936203 0.5844413042068481
vt 0.595951497554779 0.5844413042068481
vt 0.595951497554779 0.563321053981781
vt 0.61814945936203 0.5844413042068481
vt 0.595951497554779 0.563321053981781
vt 0.61814945936203 0.563321053981781
vt 0.9898120760917664 0.39612627029418945
vt 0.9757604598999023 0.39612627029418945
vt 0.9757605195045471 0
vt 0.9898120760917664 0.39612627029418945
vt 0.9757605195045471 0
vt 0.9898120760917664 0
vt 0.5640414357185364 0.597810685634613
vt 0.5640414357185364 0.5844413638114929
vt 0.5780929923057556 0.5844413042068481
vt 0.5640414357185364 0.597810685634613
vt 0.5780929923057556 0.5844413042068481
vt 0.5780929923057556 0.597810685634613
vt 0.9617089033126831 0
vt 0.9757604598999023 0
vt 0.9757604598999023 0.396126389503479
vt 0.9617089033126831 0
vt 0.9757604598999023 0.396126389503479
vt 0.9617088437080383 0.39612632989883423
vt 0.9617088437080383 0.39612632989883423
vt 0.9757604598999023 0.396126389503479
vt 0.9757604598999023 0.4037041664123535
vt 0.9617088437080383 0.39612632989883423
vt 0.9757604598999023 0.4037041664123535
vt 0.9617088437080383 0.4037041664123535
vt 0.9718968272209167 0.4119246006011963
vt 0.985948383808136 0.4119246006011963
vt 0.9859483242034912 0.8927483558654785
vt 0.9718968272209167 0.4119246006011963
vt 0.9859483242034912 0.8927483558654785
vt 0.971896767616272 0.8927483558654785
vt 0.9999999403953552 0.8927483558654785
vt 0.985948383808136 0.8927483558654785
vt 0.9859484434127808 0.4119246006011963
vt 0.9999999403953552 0.8927483558654785
vt 0.9859484434127808 0.4119246006011963
vt 1 0.4119246006011963
vt 0.4405655860900879 0.7180951833724976
vt 0.42651402950286865 0.7180951833724976
vt 0.42651402950286865 0.563321053981781
vt 0.4405655860900879 0.7180951833724976
vt 0.42651402950286865 0.563321053981781
vt 0.4405655860900879 0.563321053981781
vt 0.589669406414032 0.597810685634613
vt 0.589669406414032 0.5844413042068481
vt 0.6012457609176636 0.5844413042068481
vt 0.589669406414032 0.597810685634613
vt 0.6012457609176636 0.5844413042068481
vt 0.6012458205223083 0.597810685634613
vt 0.3562561869621277 0.8363832235336304
vt 0.34220460057258606 0.8363832831382751
vt 0.34220460057258606 0.563321053981781
vt 0.3562561869621277 0.8363832235336304
vt 0.34220460057258606 0.563321053981781
vt 0.3562561869621277 0.563321053981781
vt 0.4405655860900879 0.7291094660758972
vt 0.42651402950286865 0.7291094660758972
vt 0.42651402950286865 0.7180951833724976
vt 0.4405655860900879 0.7291094660758972
vt 0.42651402950286865 0.7180951833724976
vt 0.4405655860900879 0.7180951833724976
vt 0.38435930013656616 0.8363832235336304
vt 0.3703077435493469 0.8363832235336304
vt 0.3703077435493469 0.563321053981781
vt 0.38435930013656616 0.8363832235336304
vt 0.3703077435493469 0.563321053981781
vt 0.38435930013656616 0.563321053981781
vt 0.41246241331100464 0.8363832235336304
vt 0.3984108567237854 0.8363832235336304
vt 0.3984108567237854 0.563321053981781
vt 0.41246241331100464 0.8363832235336304
vt 0.3984108567237854 0.563321053981781
vt 0.41246241331100464 0.563321053981781
vt 0.42651399970054626 0.7180951833724976
vt 0.41246241331100464 0.7180951237678528
vt 0.4124624729156494 0.563321053981781
vt 0.42651399970054626 0.7180951833724976
vt 0.4124624729156494 0.563321053981781
vt 0.42651402950286865 0.563321053981781
vt 0.5780929923057556 0.597810685634613
vt 0.5780929923057556 0.5844413042068481
vt 0.589669406414032 0.5844413638114929
vt 0.5780929923057556 0.597810685634613
vt 0.589669406414032 0.5844413638114929
vt 0.5896693468093872 0.597810685634613
vt 0.34220460057258606 0.8363832831382751
vt 0.3281530439853668 0.8363832831382751
vt 0.3281530439853668 0.563321053981781
vt 0.34220460057258606 0.8363832831382751
vt 0.3281530439853668 0.563321053981781
vt 0.34220460057258606 0.563321053981781
vt 0.42651402950286865 0.729109525680542
vt 0.41246241331100464 0.7291094660758972
vt 0.41246241331100464 0.7180951237678528
vt 0.42651402950286865 0.729109525680542
vt 0.41246241331100464 0.7180951237678528
vt 0.42651399970054626 0.7180951833724976
vt 0.3703077435493469 0.8363832235336304
vt 0.3562561869621277 0.8363832235336304
vt 0.3562561869621277 0.563321053981781
vt 0.3703077435493469 0.8363832235336304
vt 0.3562561869621277 0.563321053981781
vt 0.3703077435493469 0.563321053981781
vt 0.3984108567237854 0.8363832235336304
vt 0.38435930013656616 0.8363832235336304
vt 0.38435930013656616 0.563321053981781
vt 0.3984108567237854 0.8363832235336304
vt 0.38435930013656616 0.563321053981781
vt 0.3984108567237854 0.563321053981781
vn 0.38191754488014884 0.6827150737384111 0.6229278585864299
vn -0.5773502691896257 0.5773502691896257 0.5773502691896257
vn -0.5773502691896257 -0.5773502691896257 0.5773502691896257
vn 0.38191754488014884 0.6827150737384111 0.6229278585864299
vn -0.5773502691896257 -0.5773502691896257 0.5773502691896257
vn 0.38191754488014884 -0.6827150737384111 0.6229278585864299
vn -0.5773502691896257 -0.5773502691896257 -0.5773502691896257
vn -0.5773502691896257 -0.5773502691896257 0.5773502691896257
vn -0.5773502691896257 0.5773502691896257 0.5773502691896257
vn -0.5773502691896257 -0.5773502691896257 -0.5773502691896257
vn -0.5773502691896257 0.5773502691896257 0.5773502691896257
vn -0.5773502691896257 0.5773502691896257 -0.5773502691896257
vn -0.36912577081976256 0.6949147344401073 -0.6171220925997962
vn -0.38191754488014884 0.6827150737384111 0.6229278585864299
vn 0.38191754488014884 0.6827150737384111 0.6229278585864299
vn -0.36912577081976256 0.6949147344401073 -0.6171220925997962
vn 0.38191754488014884 0.6827150737384111 0.6229278585864299
vn 0.36912577081976256 0.6949147344401073 -0.6171220925997962
vn 0.5773502691896257 0.5773502691896257 -0.5773502691896257
vn 0.5773502691896257 0.5773502691896257 0.5773502691896257
vn 0.5773502691896257 -0.5773502691896257 0.5773502691896257
vn 0.5773502691896257 0.5773502691896257 -0.5773502691896257
vn 0.5773502691896257 -0.5773502691896257 0.5773502691896257
vn 0.5773502691896257 -0.5773502691896257 -0.5773502691896257
vn -0.36912577081976256 0.6949147344401073 -0.6171220925997962
vn 0.36912577081976256 0.6949147344401073 -0.6171220925997962
vn 0.36912577081976256 -0.6949147344401073 -0.6171220925997962
vn -0.36912577081976256 0.6949147344401073 -0.6171220925997962
vn 0.36912577081976256 -0.6949147344401073 -0.6171220925997962
vn -0.36912577081976256 -0.6949147344401073 -0.6171220925997962
vn 0.5773502691896257 0.5773502691896257 0.5773502691896257
vn -0.38191754488014884 0.6827150737384111 0.6229278585864299
vn -0.38191754488014884 -0.6827150737384111 0.6229278585864299
vn 0.5773502691896257 0.5773502691896257 0.5773502691896257
vn -0.38191754488014884 -0.6827150737384111 0.6229278585864299
vn 0.5773502691896257 -0.5773502691896257 0.5773502691896257
vn -0.5773502691896257 0.5773502691896257 -0.5773502691896257
vn 0.36912577081976256 0.6949147344401073 -0.6171220925997962
vn 0.36912577081976256 -0.6949147344401073 -0.6171220925997962
vn -0.5773502691896257 0.5773502691896257 -0.5773502691896257
vn 0.36912577081976256 -0.6949147344401073 -0.6171220925997962
vn -0.5773502691896257 -0.5773502691896257 -0.5773502691896257
vn -0.36912577081976256 0.6949147344401073 -0.6171220925997962
vn 0.36912577081976256 0.6949147344401073 -0.6171220925997962
vn 0.36912577081976256 -0.6949147344401073 -0.6171220925997962
vn -0.36912577081976256 0.6949147344401073 -0.6171220925997962
vn 0.36912577081976256 -0.6949147344401073 -0.6171220925997962
vn -0.36912577081976256 -0.6949147344401073 -0.6171220925997962
vn -0.36912577081976256 0.6949147344401073 -0.6171220925997962
vn 0.36912577081976256 0.6949147344401073 -0.6171220925997962
vn 0.36912577081976256 -0.6949147344401073 -0.6171220925997962
vn -0.36912577081976256 0.6949147344401073 -0.6171220925997962
vn 0.36912577081976256 -0.6949147344401073 -0.6171220925997962
vn -0.36912577081976256 -0.6949147344401073 -0.6171220925997962
vn -0.36912577081976256 0.6949147344401073 -0.6171220925997962
vn 0.36912577081976256 0.6949147344401073 -0.6171220925997962
vn 0.36912577081976256 -0.6949147344401073 -0.6171220925997962
vn -0.36912577081976256 0.6949147344401073 -0.6171220925997962
vn 0.36912577081976256 -0.6949147344401073 -0.6171220925997962
vn -0.36912577081976256 -0.6949147344401073 -0.6171220925997962
vn -0.36912577081976256 0.6949147344401073 -0.6171220925997962
vn 0.36912577081976256 0.6949147344401073 -0.6171220925997962
vn 0.36912577081976256 -0.6949147344401073 -0.6171220925997962
vn -0.36912577081976256 0.6949147344401073 -0.6171220925997962
vn 0.36912577081976256 -0.6949147344401073 -0.6171220925997962
vn -0.36912577081976256 -0.6949147344401073 -0.6171220925997962
vn -0.36912577081976256 0.6949147344401073 -0.6171220925997962
vn 0.36912577081976256 0.6949147344401073 -0.6171220925997962
vn 0.36912577081976256 -0.6949147344401073 -0.6171220925997962
vn -0.36912577081976256 0.6949147344401073 -0.6171220925997962
vn 0.36912577081976256 -0.6949147344401073 -0.6171220925997962
vn -0.36912577081976256 -0.6949147344401073 -0.6171220925997962
vn -0.36912577081976256 0.6949147344401073 -0.6171220925997962
vn 0.36912577081976256 0.6949147344401073 -0.6171220925997962
vn 0.36912577081976256 -0.6949147344401073 -0.6171220925997962
vn -0.36912577081976256 0.6949147344401073 -0.6171220925997962
vn 0.36912577081976256 -0.6949147344401073 -0.6171220925997962
vn -0.36912577081976256 -0.6949147344401073 -0.6171220925997962
vn -0.5773502691896257 0.5773502691896257 -0.5773502691896257
vn -0.5773502691896257 0.5773502691896257 0.5773502691896257
vn 0.38191754488014884 0.6827150737384111 0.6229278585864299
vn -0.5773502691896257 0.5773502691896257 -0.5773502691896257
vn 0.38191754488014884 0.6827150737384111 0.6229278585864299
vn 0.36912577081976256 0.6949147344401073 -0.6171220925997962
vn -0.36912577081976256 0.6949147344401073 -0.6171220925997962
vn -0.38191754488014884 0.6827150737384111 0.6229278585864299
vn 0.38191754488014884 0.6827150737384111 0.6229278585864299
vn -0.36912577081976256 0.6949147344401073 -0.6171220925997962
vn 0.38191754488014884 0.6827150737384111 0.6229278585864299
vn 0.36912577081976256 0.6949147344401073 -0.6171220925997962
vn -0.36912577081976256 0.6949147344401073 -0.6171220925997962
vn -0.38191754488014884 0.6827150737384111 0.6229278585864299
vn 0.38191754488014884 0.6827150737384111 0.6229278585864299
vn -0.36912577081976256 0.6949147344401073 -0.6171220925997962
vn 0.38191754488014884 0.6827150737384111 0.6229278585864299
vn 0.36912577081976256 0.6949147344401073 -0.6171220925997962
vn -0.36912577081976256 0.6949147344401073 -0.6171220925997962
vn -0.38191754488014884 0.6827150737384111 0.6229278585864299
vn 0.38191754488014884 0.6827150737384111 0.6229278585864299
vn -0.36912577081976256 0.6949147344401073 -0.6171220925997962
vn 0.38191754488014884 0.6827150737384111 0.6229278585864299
vn 0.36912577081976256 0.6949147344401073 -0.6171220925997962
vn -0.36912577081976256 0.6949147344401073 -0.6171220925997962
vn -0.38191754488014884 0.6827150737384111 0.6229278585864299
vn 0.38191754488014884 0.6827150737384111 0.6229278585864299
vn -0.36912577081976256 0.6949147344401073 -0.6171220925997962
vn 0.38191754488014884 0.6827150737384111 0.6229278585864299
vn 0.36912577081976256 0.6949147344401073 -0.6171220925997962
vn -0.36912577081976256 0.6949147344401073 -0.6171220925997962
vn -0.38191754488014884 0.6827150737384111 0.6229278585864299
vn 0.38191754488014884 0.6827150737384111 0.6229278585864299
vn -0.36912577081976256 0.6949147344401073 -0.6171220925997962
vn 0.38191754488014884 0.6827150737384111 0.6229278585864299
vn 0.36912577081976256 0.6949147344401073 -0.6171220925997962
vn -0.36912577081976256 0.6949147344401073 -0.6171220925997962
vn -0.38191754488014884 0.6827150737384111 0.6229278585864299
vn 0.38191754488014884 0.6827150737384111 0.6229278585864299
vn -0.36912577081976256 0.6949147344401073 -0.6171220925997962
vn 0.38191754488014884 0.6827150737384111 0.6229278585864299
vn 0.36912577081976256 0.6949147344401073 -0.6171220925997962
vn -0.36912577081976256 0.6949147344401073 -0.6171220925997962
vn 0.5773502691896257 0.5773502691896257 -0.5773502691896257
vn 0.5773502691896257 -0.5773502691896257 -0.5773502691896257
vn -0.36912577081976256 0.6949147344401073 -0.6171220925997962
vn 0.5773502691896257 -0.5773502691896257 -0.5773502691896257
vn -0.36912577081976256 -0.6949147344401073 -0.6171220925997962
vn 0.38191754488014884 0.6827150737384111 0.6229278585864299
vn -0.38191754488014884 0.6827150737384111 0.6229278585864299
vn -0.38191754488014884 -0.6827150737384111 0.6229278585864299
vn 0.38191754488014884 0.6827150737384111 0.6229278585864299
vn -0.38191754488014884 -0.6827150737384111 0.6229278585864299
vn 0.38191754488014884 -0.6827150737384111 0.6229278585864299
vn 0.5773502691896257 -0.5773502691896257 -0.5773502691896257
vn 0.5773502691896257 -0.5773502691896257 0.5773502691896257
vn -0.38191754488014884 -0.6827150737384111 0.6229278585864299
vn 0.5773502691896257 -0.5773502691896257 -0.5773502691896257
vn -0.38191754488014884 -0.6827150737384111 0.6229278585864299
vn -0.36912577081976256 -0.6949147344401073 -0.6171220925997962
vn 0.38191754488014884 0.6827150737384111 0.6229278585864299
vn -0.38191754488014884 0.6827150737384111 0.6229278585864299
vn -0.38191754488014884 -0.6827150737384111 0.6229278585864299
vn 0.38191754488014884 0.6827150737384111 0.6229278585864299
vn -0.38191754488014884 -0.6827150737384111 0.6229278585864299
vn 0.38191754488014884 -0.6827150737384111 0.6229278585864299
vn 0.38191754488014884 0.6827150737384111 0.6229278585864299
vn -0.38191754488014884 0.6827150737384111 0.6229278585864299
vn -0.38191754488014884 -0.6827150737384111 0.6229278585864299
vn 0.38191754488014884 0.6827150737384111 0.6229278585864299
vn -0.38191754488014884 -0.6827150737384111 0.6229278585864299
vn 0.38191754488014884 -0.6827150737384111 0.6229278585864299
vn 0.38191754488014884 0.6827150737384111 0.6229278585864299
vn -0.38191754488014884 0.6827150737384111 0.6229278585864299
vn -0.38191754488014884 -0.6827150737384111 0.6229278585864299
vn 0.38191754488014884 0.6827150737384111 0.6229278585864299
vn -0.38191754488014884 -0.6827150737384111 0.6229278585864299
vn 0.38191754488014884 -0.6827150737384111 0.6229278585864299
vn 0.38191754488014884 0.6827150737384111 0.6229278585864299
vn -0.38191754488014884 0.6827150737384111 0.6229278585864299
vn -0.38191754488014884 -0.6827150737384111 0.6229278585864299
vn 0.38191754488014884 0.6827150737384111 0.6229278585864299
vn -0.38191754488014884 -0.6827150737384111 0.6229278585864299
vn 0.38191754488014884 -0.6827150737384111 0.6229278585864299
vn 0.38191754488014884 0.6827150737384111 0.6229278585864299
vn -0.38191754488014884 0.6827150737384111 0.6229278585864299
vn -0.38191754488014884 -0.6827150737384111 0.6229278585864299
vn 0.38191754488014884 0.6827150737384111 0.6229278585864299
vn -0.38191754488014884 -0.6827150737384111 0.6229278585864299
vn 0.38191754488014884 -0.6827150737384111 0.6229278585864299
vn 0.36912577081976256 -0.6949147344401073 -0.6171220925997962
vn 0.38191754488014884 -0.6827150737384111 0.6229278585864299
vn -0.5773502691896257 -0.5773502691896257 0.5773502691896257
vn 0.36912577081976256 -0.6949147344401073 -0.6171220925997962
vn -0.5773502691896257 -0.5773502691896257 0.5773502691896257
vn -0.5773502691896257 -0.5773502691896257 -0.5773502691896257
vn 0.36912577081976256 -0.6949147344401073 -0.6171220925997962
vn 0.38191754488014884 -0.6827150737384111 0.6229278585864299
vn -0.38191754488014884 -0.6827150737384111 0.6229278585864299
vn 0.36912577081976256 -0.6949147344401073 -0.6171220925997962
vn -0.38191754488014884 -0.6827150737384111 0.6229278585864299
vn -0.36912577081976256 -0.6949147344401073 -0.6171220925997962
vn 0.38191754488014884 0.6827150737384111 0.6229278585864299
vn -0.38191754488014884 0.6827150737384111 0.6229278585864299
vn -0.38191754488014884 -0.6827150737384111 0.6229278585864299
vn 0.38191754488014884 0.6827150737384111 0.6229278585864299
vn -0.38191754488014884 -0.6827150737384111 0.6229278585864299
vn 0.38191754488014884 -0.6827150737384111 0.6229278585864299
vn 0.36912577081976256 -0.6949147344401073 -0.6171220925997962
vn 0.38191754488014884 -0.6827150737384111 0.6229278585864299
vn -0.38191754488014884 -0.6827150737384111 0.6229278585864299
vn 0.36912577081976256 -0.6949147344401073 -0.6171220925997962
vn -0.38191754488014884 -0.6827150737384111 0.6229278585864299
vn -0.36912577081976256 -0.6949147344401073 -0.6171220925997962
vn 0.36912577081976256 -0.6949147344401073 -0.6171220925997962
vn 0.38191754488014884 -0.6827150737384111 0.6229278585864299
vn -0.38191754488014884 -0.6827150737384111 0.6229278585864299
vn 0.36912577081976256 -0.6949147344401073 -0.6171220925997962
vn -0.38191754488014884 -0.6827150737384111 0.6229278585864299
vn -0.36912577081976256 -0.6949147344401073 -0.6171220925997962
vn 0.36912577081976256 -0.6949147344401073 -0.6171220925997962
vn 0.38191754488014884 -0.6827150737384111 0.6229278585864299
vn -0.38191754488014884 -0.6827150737384111 0.6229278585864299
vn 0.36912577081976256 -0.6949147344401073 -0.6171220925997962
vn -0.38191754488014884 -0.6827150737384111 0.6229278585864299
vn -0.36912577081976256 -0.6949147344401073 -0.6171220925997962
vn 0.36912577081976256 -0.6949147344401073 -0.6171220925997962
vn 0.38191754488014884 -0.6827150737384111 0.6229278585864299
vn -0.38191754488014884 -0.6827150737384111 0.6229278585864299
vn 0.36912577081976256 -0.6949147344401073 -0.6171220925997962
vn -0.38191754488014884 -0.6827150737384111 0.6229278585864299
vn -0.36912577081976256 -0.6949147344401073 -0.6171220925997962
vn 0.36912577081976256 -0.6949147344401073 -0.6171220925997962
vn 0.38191754488014884 -0.6827150737384111 0.6229278585864299
vn -0.38191754488014884 -0.6827150737384111 0.6229278585864299
vn 0.36912577081976256 -0.6949147344401073 -0.6171220925997962
vn -0.38191754488014884 -0.6827150737384111 0.6229278585864299
vn -0.36912577081976256 -0.6949147344401073 -0.6171220925997962
vn 0.36912577081976256 -0.6949147344401073 -0.6171220925997962
vn 0.38191754488014884 -0.6827150737384111 0.6229278585864299
vn -0.38191754488014884 -0.6827150737384111 0.6229278585864299
vn 0.36912577081976256 -0.6949147344401073 -0.6171220925997962
vn -0.38191754488014884 -0.6827150737384111 0.6229278585864299
vn -0.36912577081976256 -0.6949147344401073 -0.6171220925997962
vn -0.38191754488014884 0.6827150737384111 0.6229278585864299
vn -0.36912577081976256 0.6949147344401073 -0.6171220925997962
vn 0 0.3358356062906383 -0.9419206153107592
vn -0.38191754488014884 0.6827150737384111 0.6229278585864299
vn 0 0.3358356062906383 -0.9419206153107592
vn 0 0.371053901101666 0.9286113301469217
vn 0 0.371053901101666 0.9286113301469217
vn 0 0.3358356062906383 -0.9419206153107592
vn 0.36912577081976256 0.6949147344401073 -0.6171220925997962
vn 0 0.371053901101666 0.9286113301469217
vn 0.36912577081976256 0.6949147344401073 -0.6171220925997962
vn 0.38191754488014884 0.6827150737384111 0.6229278585864299
vn -0.38191754488014884 0.6827150737384111 0.6229278585864299
vn -0.36912577081976256 0.6949147344401073 -0.6171220925997962
vn 0 0.3358356062906383 -0.9419206153107592
vn -0.38191754488014884 0.6827150737384111 0.6229278585864299
vn 0 0.3358356062906383 -0.9419206153107592
vn 0 0.371053901101666 0.9286113301469217
vn 0 0.371053901101666 0.9286113301469217
vn 0 0.3358356062906383 -0.9419206153107592
vn 0.36912577081976256 0.6949147344401073 -0.6171220925997962
vn 0 0.371053901101666 0.9286113301469217
vn 0.36912577081976256 0.6949147344401073 -0.6171220925997962
vn 0.38191754488014884 0.6827150737384111 0.6229278585864299
vn -0.38191754488014884 0.6827150737384111 0.6229278585864299
vn -0.36912577081976256 0.6949147344401073 -0.6171220925997962
vn 0 0.3358356062906383 -0.9419206153107592
vn -0.38191754488014884 0.6827150737384111 0.6229278585864299
vn 0 0.3358356062906383 -0.9419206153107592
vn 0 0.371053901101666 0.9286113301469217
vn 0 0.371053901101666 0.9286113301469217
vn 0 0.3358356062906383 -0.9419206153107592
vn 0.36912577081976256 0.6949147344401073 -0.6171220925997962
vn 0 0.371053901101666 0.9286113301469217
vn 0.36912577081976256 0.6949147344401073 -0.6171220925997962
vn 0.38191754488014884 0.6827150737384111 0.6229278585864299
vn -0.38191754488014884 0.6827150737384111 0.6229278585864299
vn -0.36912577081976256 0.6949147344401073 -0.6171220925997962
vn 0 0.3358356062906383 -0.9419206153107592
vn -0.38191754488014884 0.6827150737384111 0.6229278585864299
vn 0 0.3358356062906383 -0.9419206153107592
vn 0 0.371053901101666 0.9286113301469217
vn 0 0.371053901101666 0.9286113301469217
vn 0 0.3358356062906383 -0.9419206153107592
vn 0.36912577081976256 0.6949147344401073 -0.6171220925997962
vn 0 0.371053901101666 0.9286113301469217
vn 0.36912577081976256 0.6949147344401073 -0.6171220925997962
vn 0.38191754488014884 0.6827150737384111 0.6229278585864299
vn -0.38191754488014884 0.6827150737384111 0.6229278585864299
vn -0.36912577081976256 0.6949147344401073 -0.6171220925997962
vn 0 0.3358356062906383 -0.9419206153107592
vn -0.38191754488014884 0.6827150737384111 0.6229278585864299
vn 0 0.3358356062906383 -0.9419206153107592
vn 0 0.371053901101666 0.9286113301469217
vn 0 0.371053901101666 0.9286113301469217
vn 0 0.3358356062906383 -0.9419206153107592
vn 0.36912577081976256 0.6949147344401073 -0.6171220925997962
vn 0 0.371053901101666 0.9286113301469217
vn 0.36912577081976256 0.6949147344401073 -0.6171220925997962
vn 0.38191754488014884 0.6827150737384111 0.6229278585864299
vn -0.38191754488014884 0.6827150737384111 0.6229278585864299
vn -0.36912577081976256 0.6949147344401073 -0.6171220925997962
vn 0 0.3358356062906383 -0.9419206153107592
vn -0.38191754488014884 0.6827150737384111 0.6229278585864299
vn 0 0.3358356062906383 -0.9419206153107592
vn 0 0.371053901101666 0.9286113301469217
vn 0 0.371053901101666 0.9286113301469217
vn 0 0.3358356062906383 -0.9419206153107592
vn 0.36912577081976256 0.6949147344401073 -0.6171220925997962
vn 0 0.371053901101666 0.9286113301469217
vn 0.36912577081976256 0.6949147344401073 -0.6171220925997962
vn 0.38191754488014884 0.6827150737384111 0.6229278585864299
vn -0.38191754488014884 0.6827150737384111 0.6229278585864299
vn -0.36912577081976256 0.6949147344401073 -0.6171220925997962
vn 0 0.3358356062906383 -0.9419206153107592
vn -0.38191754488014884 0.6827150737384111 0.6229278585864299
vn 0 0.3358356062906383 -0.9419206153107592
vn 0 0.371053901101666 0.9286113301469217
vn 0 0.371053901101666 0.9286113301469217
vn 0 0.3358356062906383 -0.9419206153107592
vn 0.36912577081976256 0.6949147344401073 -0.6171220925997962
vn 0 0.371053901101666 0.9286113301469217
vn 0.36912577081976256 0.6949147344401073 -0.6171220925997962
vn 0.38191754488014884 0.6827150737384111 0.6229278585864299
vn -0.38191754488014884 0.6827150737384111 0.6229278585864299
vn -0.36912577081976256 0.6949147344401073 -0.6171220925997962
vn 0 0.3358356062906383 -0.9419206153107592
vn -0.38191754488014884 0.6827150737384111 0.6229278585864299
vn 0 0.3358356062906383 -0.9419206153107592
vn 0 0.371053901101666 0.9286113301469217
vn 0 0.371053901101666 0.9286113301469217
vn 0 0.3358356062906383 -0.9419206153107592
vn 0.36912577081976256 0.6949147344401073 -0.6171220925997962
vn 0 0.371053901101666 0.9286113301469217
vn 0.36912577081976256 0.6949147344401073 -0.6171220925997962
vn 0.38191754488014884 0.6827150737384111 0.6229278585864299
vn -0.36912577081976256 0.6949147344401073 -0.6171220925997962
vn -0.36912577081976256 -0.6949147344401073 -0.6171220925997962
vn 0 -0.3358356062906383 -0.9419206153107592
vn -0.36912577081976256 0.6949147344401073 -0.6171220925997962
vn 0 -0.3358356062906383 -0.9419206153107592
vn 0 0.3358356062906383 -0.9419206153107592
vn 0 0.3358356062906383 -0.9419206153107592
vn 0 -0.3358356062906383 -0.9419206153107592
vn 0.36912577081976256 -0.6949147344401073 -0.6171220925997962
vn 0 0.3358356062906383 -0.9419206153107592
vn 0.36912577081976256 -0.6949147344401073 -0.6171220925997962
vn 0.36912577081976256 0.6949147344401073 -0.6171220925997962
vn -0.36912577081976256 0.6949147344401073 -0.6171220925997962
vn -0.36912577081976256 -0.6949147344401073 -0.6171220925997962
vn 0 -0.3358356062906383 -0.9419206153107592
vn -0.36912577081976256 0.6949147344401073 -0.6171220925997962
vn 0 -0.3358356062906383 -0.9419206153107592
vn 0 0.3358356062906383 -0.9419206153107592
vn 0 0.3358356062906383 -0.9419206153107592
vn 0 -0.3358356062906383 -0.9419206153107592
vn 0.36912577081976256 -0.6949147344401073 -0.6171220925997962
vn 0 0.3358356062906383 -0.9419206153107592
vn 0.36912577081976256 -0.6949147344401073 -0.6171220925997962
vn 0.36912577081976256 0.6949147344401073 -0.6171220925997962
vn -0.36912577081976256 0.6949147344401073 -0.6171220925997962
vn -0.36912577081976256 -0.6949147344401073 -0.6171220925997962
vn 0 -0.3358356062906383 -0.9419206153107592
vn -0.36912577081976256 0.6949147344401073 -0.6171220925997962
vn 0 -0.3358356062906383 -0.9419206153107592
vn 0 0.3358356062906383 -0.9419206153107592
vn 0 0.3358356062906383 -0.9419206153107592
vn 0 -0.3358356062906383 -0.9419206153107592
vn 0.36912577081976256 -0.6949147344401073 -0.6171220925997962
vn 0 0.3358356062906383 -0.9419206153107592
vn 0.36912577081976256 -0.6949147344401073 -0.6171220925997962
vn 0.36912577081976256 0.6949147344401073 -0.6171220925997962
vn -0.36912577081976256 0.6949147344401073 -0.6171220925997962
vn -0.36912577081976256 -0.6949147344401073 -0.6171220925997962
vn 0 -0.3358356062906383 -0.9419206153107592
vn -0.36912577081976256 0.6949147344401073 -0.6171220925997962
vn 0 -0.3358356062906383 -0.9419206153107592
vn 0 0.3358356062906383 -0.9419206153107592
vn 0 0.3358356062906383 -0.9419206153107592
vn 0 -0.3358356062906383 -0.9419206153107592
vn 0.36912577081976256 -0.6949147344401073 -0.6171220925997962
vn 0 0.3358356062906383 -0.9419206153107592
vn 0.36912577081976256 -0.6949147344401073 -0.6171220925997962
vn 0.36912577081976256 0.6949147344401073 -0.6171220925997962
vn -0.36912577081976256 0.6949147344401073 -0.6171220925997962
vn -0.36912577081976256 -0.6949147344401073 -0.6171220925997962
vn 0 -0.3358356062906383 -0.9419206153107592
vn -0.36912577081976256 0.6949147344401073 -0.6171220925997962
vn 0 -0.3358356062906383 -0.9419206153107592
vn 0 0.3358356062906383 -0.9419206153107592
vn 0 0.3358356062906383 -0.9419206153107592
vn 0 -0.3358356062906383 -0.9419206153107592
vn 0.36912577081976256 -0.6949147344401073 -0.6171220925997962
vn 0 0.3358356062906383 -0.9419206153107592
vn 0.36912577081976256 -0.6949147344401073 -0.6171220925997962
vn 0.36912577081976256 0.6949147344401073 -0.6171220925997962
vn -0.36912577081976256 0.6949147344401073 -0.6171220925997962
vn -0.36912577081976256 -0.6949147344401073 -0.6171220925997962
vn 0 -0.3358356062906383 -0.9419206153107592
vn -0.36912577081976256 0.6949147344401073 -0.6171220925997962
vn 0 -0.3358356062906383 -0.9419206153107592
vn 0 0.3358356062906383 -0.9419206153107592
vn 0 0.3358356062906383 -0.9419206153107592
vn 0 -0.3358356062906383 -0.9419206153107592
vn 0.36912577081976256 -0.6949147344401073 -0.6171220925997962
vn 0 0.3358356062906383 -0.9419206153107592
vn 0.36912577081976256 -0.6949147344401073 -0.6171220925997962
vn 0.36912577081976256 0.6949147344401073 -0.6171220925997962
vn -0.36912577081976256 0.6949147344401073 -0.6171220925997962
vn -0.36912577081976256 -0.6949147344401073 -0.6171220925997962
vn 0 -0.3358356062906383 -0.9419206153107592
vn -0.36912577081976256 0.6949147344401073 -0.6171220925997962
vn 0 -0.3358356062906383 -0.9419206153107592
vn 0 0.3358356062906383 -0.9419206153107592
vn 0 0.3358356062906383 -0.9419206153107592
vn 0 -0.3358356062906383 -0.9419206153107592
vn 0.36912577081976256 -0.6949147344401073 -0.6171220925997962
vn 0 0.3358356062906383 -0.9419206153107592
vn 0.36912577081976256 -0.6949147344401073 -0.6171220925997962
vn 0.36912577081976256 0.6949147344401073 -0.6171220925997962
vn -0.36912577081976256 0.6949147344401073 -0.6171220925997962
vn -0.36912577081976256 -0.6949147344401073 -0.6171220925997962
vn 0 -0.3358356062906383 -0.9419206153107592
vn -0.36912577081976256 0.6949147344401073 -0.6171220925997962
vn 0 -0.3358356062906383 -0.9419206153107592
vn 0 0.3358356062906383 -0.9419206153107592
vn 0 0.3358356062906383 -0.9419206153107592
vn 0 -0.3358356062906383 -0.9419206153107592
vn 0.36912577081976256 -0.6949147344401073 -0.6171220925997962
vn 0 0.3358356062906383 -0.9419206153107592
vn 0.36912577081976256 -0.6949147344401073 -0.6171220925997962
vn 0.36912577081976256 0.6949147344401073 -0.6171220925997962
vn 0.38191754488014884 -0.6827150737384111 0.6229278585864299
vn 0.36912577081976256 -0.6949147344401073 -0.6171220925997962
vn 0 -0.3358356062906383 -0.9419206153107592
vn 0.38191754488014884 -0.6827150737384111 0.6229278585864299
vn 0 -0.3358356062906383 -0.9419206153107592
vn 0 -0.371053901101666 0.9286113301469217
vn 0 -0.371053901101666 0.9286113301469217
vn 0 -0.3358356062906383 -0.9419206153107592
vn -0.36912577081976256 -0.6949147344401073 -0.6171220925997962
vn 0 -0.371053901101666 0.9286113301469217
vn -0.36912577081976256 -0.6949147344401073 -0.6171220925997962
vn -0.38191754488014884 -0.6827150737384111 0.6229278585864299
vn 0.38191754488014884 -0.6827150737384111 0.6229278585864299
vn 0.36912577081976256 -0.6949147344401073 -0.6171220925997962
vn 0 -0.3358356062906383 -0.9419206153107592
vn 0.38191754488014884 -0.6827150737384111 0.6229278585864299
vn 0 -0.3358356062906383 -0.9419206153107592
vn 0 -0.371053901101666 0.9286113301469217
vn 0 -0.371053901101666 0.9286113301469217
vn 0 -0.3358356062906383 -0.9419206153107592
vn -0.36912577081976256 -0.6949147344401073 -0.6171220925997962
vn 0 -0.371053901101666 0.9286113301469217
vn -0.36912577081976256 -0.6949147344401073 -0.6171220925997962
vn -0.38191754488014884 -0.6827150737384111 0.6229278585864299
vn 0.38191754488014884 -0.6827150737384111 0.6229278585864299
vn 0.36912577081976256 -0.6949147344401073 -0.6171220925997962
vn 0 -0.3358356062906383 -0.9419206153107592
vn 0.38191754488014884 -0.6827150737384111 0.6229278585864299
vn 0 -0.3358356062906383 -0.9419206153107592
vn 0 -0.371053901101666 0.9286113301469217
vn 0 -0.371053901101666 0.9286113301469217
vn 0 -0.3358356062906383 -0.9419206153107592
vn -0.36912577081976256 -0.6949147344401073 -0.6171220925997962
vn 0 -0.371053901101666 0.9286113301469217
vn -0.36912577081976256 -0.6949147344401073 -0.6171220925997962
vn -0.38191754488014884 -0.6827150737384111 0.6229278585864299
vn 0.38191754488014884 -0.6827150737384111 0.6229278585864299
vn 0.36912577081976256 -0.6949147344401073 -0.6171220925997962
vn 0 -0.3358356062906383 -0.9419206153107592
vn 0.38191754488014884 -0.6827150737384111 0.6229278585864299
vn 0 -0.3358356062906383 -0.9419206153107592
vn 0 -0.371053901101666 0.9286113301469217
vn 0 -0.371053901101666 0.9286113301469217
vn 0 -0.3358356062906383 -0.9419206153107592
vn -0.36912577081976256 -0.6949147344401073 -0.6171220925997962
vn 0 -0.371053901101666 0.9286113301469217
vn -0.36912577081976256 -0.6949147344401073 -0.6171220925997962
vn -0.38191754488014884 -0.6827150737384111 0.6229278585864299
vn 0.38191754488014884 -0.6827150737384111 0.6229278585864299
vn 0.36912577081976256 -0.6949147344401073 -0.6171220925997962
vn 0 -0.3358356062906383 -0.9419206153107592
vn 0.38191754488014884 -0.6827150737384111 0.6229278585864299
vn 0 -0.3358356062906383 -0.9419206153107592
vn 0 -0.371053901101666 0.9286113301469217
vn 0 -0.371053901101666 0.9286113301469217
vn 0 -0.3358356062906383 -0.9419206153107592
vn -0.36912577081976256 -0.6949147344401073 -0.6171220925997962
vn 0 -0.371053901101666 0.9286113301469217
vn -0.36912577081976256 -0.6949147344401073 -0.6171220925997962
vn -0.38191754488014884 -0.6827150737384111 0.6229278585864299
vn 0.38191754488014884 -0.6827150737384111 0.6229278585864299
vn 0.36912577081976256 -0.6949147344401073 -0.6171220925997962
vn 0 -0.3358356062906383 -0.9419206153107592
vn 0.38191754488014884 -0.6827150737384111 0.6229278585864299
vn 0 -0.3358356062906383 -0.9419206153107592
vn 0 -0.371053901101666 0.9286113301469217
vn 0 -0.371053901101666 0.9286113301469217
vn 0 -0.3358356062906383 -0.9419206153107592
vn -0.36912577081976256 -0.6949147344401073 -0.6171220925997962
vn 0 -0.371053901101666 0.9286113301469217
vn -0.36912577081976256 -0.6949147344401073 -0.6171220925997962
vn -0.38191754488014884 -0.6827150737384111 0.6229278585864299
vn 0.38191754488014884 -0.6827150737384111 0.6229278585864299
vn 0.36912577081976256 -0.6949147344401073 -0.6171220925997962
vn 0 -0.3358356062906383 -0.9419206153107592
vn 0.38191754488014884 -0.6827150737384111 0.6229278585864299
vn 0 -0.3358356062906383 -0.9419206153107592
vn 0 -0.371053901101666 0.9286113301469217
vn 0 -0.371053901101666 0.9286113301469217
vn 0 -0.3358356062906383 -0.9419206153107592
vn -0.36912577081976256 -0.6949147344401073 -0.6171220925997962
vn 0 -0.371053901101666 0.9286113301469217
vn -0.36912577081976256 -0.6949147344401073 -0.6171220925997962
vn -0.38191754488014884 -0.6827150737384111 0.6229278585864299
vn 0.38191754488014884 -0.6827150737384111 0.6229278585864299
vn 0.36912577081976256 -0.6949147344401073 -0.6171220925997962
vn 0 -0.3358356062906383 -0.9419206153107592
vn 0.38191754488014884 -0.6827150737384111 0.6229278585864299
vn 0 -0.3358356062906383 -0.9419206153107592
vn 0 -0.371053901101666 0.9286113301469217
vn 0 -0.371053901101666 0.9286113301469217
vn 0 -0.3358356062906383 -0.9419206153107592
vn -0.36912577081976256 -0.6949147344401073 -0.6171220925997962
vn 0 -0.371053901101666 0.9286113301469217
vn -0.36912577081976256 -0.6949147344401073 -0.6171220925997962
vn -0.38191754488014884 -0.6827150737384111 0.6229278585864299
vn 0.38191754488014884 0.6827150737384111 0.6229278585864299
vn 0.38191754488014884 -0.6827150737384111 0.6229278585864299
vn 0 -0.371053901101666 0.9286113301469217
vn 0.38191754488014884 0.6827150737384111 0.6229278585864299
vn 0 -0.371053901101666 0.9286113301469217
vn 0 0.371053901101666 0.9286113301469217
vn 0 0.371053901101666 0.9286113301469217
vn 0 -0.371053901101666 0.9286113301469217
vn -0.38191754488014884 -0.6827150737384111 0.6229278585864299
vn 0 0.371053901101666 0.9286113301469217
vn -0.38191754488014884 -0.6827150737384111 0.6229278585864299
vn -0.38191754488014884 0.6827150737384111 0.6229278585864299
vn 0.38191754488014884 0.6827150737384111 0.6229278585864299
vn 0.38191754488014884 -0.6827150737384111 0.6229278585864299
vn 0 -0.371053901101666 0.9286113301469217
vn 0.38191754488014884 0.6827150737384111 0.6229278585864299
vn 0 -0.371053901101666 0.9286113301469217
vn 0 0.371053901101666 0.9286113301469217
vn 0 0.371053901101666 0.9286113301469217
vn 0 -0.371053901101666 0.9286113301469217
vn -0.38191754488014884 -0.6827150737384111 0.6229278585864299
vn 0 0.371053901101666 0.9286113301469217
vn -0.38191754488014884 -0.6827150737384111 0.6229278585864299
vn -0.38191754488014884 0.6827150737384111 0.6229278585864299
vn 0.38191754488014884 0.6827150737384111 0.6229278585864299
vn 0.38191754488014884 -0.6827150737384111 0.6229278585864299
vn 0 -0.371053901101666 0.9286113301469217
vn 0.38191754488014884 0.6827150737384111 0.6229278585864299
vn 0 -0.371053901101666 0.9286113301469217
vn 0 0.371053901101666 0.9286113301469217
vn 0 0.371053901101666 0.9286113301469217
vn 0 -0.371053901101666 0.9286113301469217
vn -0.38191754488014884 -0.6827150737384111 0.6229278585864299
vn 0 0.371053901101666 0.9286113301469217
vn -0.38191754488014884 -0.6827150737384111 0.6229278585864299
vn -0.38191754488014884 0.6827150737384111 0.6229278585864299
vn 0.38191754488014884 0.6827150737384111 0.6229278585864299
vn 0.38191754488014884 -0.6827150737384111 0.6229278585864299
vn 0 -0.371053901101666 0.9286113301469217
vn 0.38191754488014884 0.6827150737384111 0.6229278585864299
vn 0 -0.371053901101666 0.9286113301469217
vn 0 0.371053901101666 0.9286113301469217
vn 0 0.371053901101666 0.9286113301469217
vn 0 -0.371053901101666 0.9286113301469217
vn -0.38191754488014884 -0.6827150737384111 0.6229278585864299
vn 0 0.371053901101666 0.9286113301469217
vn -0.38191754488014884 -0.6827150737384111 0.6229278585864299
vn -0.38191754488014884 0.6827150737384111 0.6229278585864299
vn 0.38191754488014884 0.6827150737384111 0.6229278585864299
vn 0.38191754488014884 -0.6827150737384111 0.6229278585864299
vn 0 -0.371053901101666 0.9286113301469217
vn 0.38191754488014884 0.6827150737384111 0.6229278585864299
vn 0 -0.371053901101666 0.9286113301469217
vn 0 0.371053901101666 0.9286113301469217
vn 0 0.371053901101666 0.9286113301469217
vn 0 -0.371053901101666 0.9286113301469217
vn -0.38191754488014884 -0.6827150737384111 0.6229278585864299
vn 0 0.371053901101666 0.9286113301469217
vn -0.38191754488014884 -0.6827150737384111 0.6229278585864299
vn -0.38191754488014884 0.6827150737384111 0.6229278585864299
vn 0.38191754488014884 0.6827150737384111 0.6229278585864299
vn 0.38191754488014884 -0.6827150737384111 0.6229278585864299
vn 0 -0.371053901101666 0.9286113301469217
vn 0.38191754488014884 0.6827150737384111 0.6229278585864299
vn 0 -0.371053901101666 0.9286113301469217
vn 0 0.371053901101666 0.9286113301469217
vn 0 0.371053901101666 0.9286113301469217
vn 0 -0.371053901101666 0.9286113301469217
vn -0.38191754488014884 -0.6827150737384111 0.6229278585864299
vn 0 0.371053901101666 0.9286113301469217
vn -0.38191754488014884 -0.6827150737384111 0.6229278585864299
vn -0.38191754488014884 0.6827150737384111 0.6229278585864299
vn 0.38191754488014884 0.6827150737384111 0.6229278585864299
vn 0.38191754488014884 -0.6827150737384111 0.6229278585864299
vn 0 -0.371053901101666 0.9286113301469217
vn 0.38191754488014884 0.6827150737384111 0.6229278585864299
vn 0 -0.371053901101666 0.9286113301469217
vn 0 0.371053901101666 0.9286113301469217
vn 0 0.371053901101666 0.9286113301469217
vn 0 -0.371053901101666 0.9286113301469217
vn -0.38191754488014884 -0.6827150737384111 0.6229278585864299
vn 0 0.371053901101666 0.9286113301469217
vn -0.38191754488014884 -0.6827150737384111 0.6229278585864299
vn -0.38191754488014884 0.6827150737384111 0.6229278585864299
vn 0.38191754488014884 0.6827150737384111 0.6229278585864299
vn 0.38191754488014884 -0.6827150737384111 0.6229278585864299
vn 0 -0.371053901101666 0.9286113301469217
vn 0.38191754488014884 0.6827150737384111 0.6229278585864299
vn 0 -0.371053901101666 0.9286113301469217
vn 0 0.371053901101666 0.9286113301469217
vn 0 0.371053901101666 0.9286113301469217
vn 0 -0.371053901101666 0.9286113301469217
vn -0.38191754488014884 -0.6827150737384111 0.6229278585864299
vn 0 0.371053901101666 0.9286113301469217
vn -0.38191754488014884 -0.6827150737384111 0.6229278585864299
vn -0.38191754488014884 0.6827150737384111 0.6229278585864299
vn -0.36912577081976256 0.6949147344401073 -0.6171220925997962
vn -0.38191754488014884 0.6827150737384111 0.6229278585864299
vn 0.5773502691896257 0.5773502691896257 0.5773502691896257
vn -0.36912577081976256 0.6949147344401073 -0.6171220925997962
vn 0.5773502691896257 0.5773502691896257 0.5773502691896257
vn 0.5773502691896257 0.5773502691896257 -0.5773502691896257
vn -0.5773502691896257 -0.5773502691896257 -0.5773502691896257
vn -0.5773502691896257 -0.5773502691896257 0.5773502691896257
vn -0.5773502691896257 0.5773502691896257 0.5773502691896257
vn -0.5773502691896257 -0.5773502691896257 -0.5773502691896257
vn -0.5773502691896257 0.5773502691896257 0.5773502691896257
vn -0.5773502691896257 0.5773502691896257 -0.5773502691896257
vn -0.5773502691896257 0.5773502691896257 -0.5773502691896257
vn -0.5773502691896257 0.5773502691896257 0.5773502691896257
vn 0.5773502691896257 0.5773502691896257 0.5773502691896257
vn -0.5773502691896257 0.5773502691896257 -0.5773502691896257
vn 0.5773502691896257 0.5773502691896257 0.5773502691896257
vn 0.5773502691896257 0.5773502691896257 -0.5773502691896257
vn 0.5773502691896257 0.5773502691896257 -0.5773502691896257
vn 0.5773502691896257 0.5773502691896257 0.5773502691896257
vn 0.5773502691896257 -0.5773502691896257 0.5773502691896257
vn 0.5773502691896257 0.5773502691896257 -0.5773502691896257
vn 0.5773502691896257 -0.5773502691896257 0.5773502691896257
vn 0.5773502691896257 -0.5773502691896257 -0.5773502691896257
vn 0.5773502691896257 -0.5773502691896257 -0.5773502691896257
vn 0.5773502691896257 -0.5773502691896257 0.5773502691896257
vn -0.5773502691896257 -0.5773502691896257 0.5773502691896257
vn 0.5773502691896257 -0.5773502691896257 -0.5773502691896257
vn -0.5773502691896257 -0.5773502691896257 0.5773502691896257
vn -0.5773502691896257 -0.5773502691896257 -0.5773502691896257
vn -0.5773502691896257 0.5773502691896257 -0.5773502691896257
vn 0.5773502691896257 0.5773502691896257 -0.5773502691896257
vn 0.5773502691896257 -0.5773502691896257 -0.5773502691896257
vn -0.5773502691896257 0.5773502691896257 -0.5773502691896257
vn 0.5773502691896257 -0.5773502691896257 -0.5773502691896257
vn -0.5773502691896257 -0.5773502691896257 -0.5773502691896257
vn 0.5773502691896257 0.5773502691896257 0.5773502691896257
vn -0.5773502691896257 0.5773502691896257 0.5773502691896257
vn -0.5773502691896257 -0.5773502691896257 0.5773502691896257
vn 0.5773502691896257 0.5773502691896257 0.5773502691896257
vn -0.5773502691896257 -0.5773502691896257 0.5773502691896257
vn 0.5773502691896257 -0.5773502691896257 0.5773502691896257
vn -0.5773502691896257 -0.5773502691896257 -0.5773502691896257
vn -0.5773502691896257 -0.5773502691896257 0.5773502691896257
vn -0.5773502691896257 0.5773502691896257 0.5773502691896257
vn -0.5773502691896257 -0.5773502691896257 -0.5773502691896257
vn -0.5773502691896257 0.5773502691896257 0.5773502691896257
vn -0.5773502691896257 0.5773502691896257 -0.5773502691896257
vn -0.5773502691896257 0.5773502691896257 -0.5773502691896257
vn -0.5773502691896257 0.5773502691896257 0.5773502691896257
vn 0.5773502691896257 0.5773502691896257 0.5773502691896257
vn -0.5773502691896257 0.5773502691896257 -0.5773502691896257
vn 0.5773502691896257 0.5773502691896257 0.5773502691896257
vn 0.5773502691896257 0.5773502691896257 -0.5773502691896257
vn 0.5773502691896257 0.5773502691896257 -0.5773502691896257
vn 0.5773502691896257 0.5773502691896257 0.5773502691896257
vn 0.5773502691896257 -0.5773502691896257 0.5773502691896257
vn 0.5773502691896257 0.5773502691896257 -0.5773502691896257
vn 0.5773502691896257 -0.5773502691896257 0.5773502691896257
vn 0.5773502691896257 -0.5773502691896257 -0.5773502691896257
vn 0.5773502691896257 -0.5773502691896257 -0.5773502691896257
vn 0.5773502691896257 -0.5773502691896257 0.5773502691896257
vn -0.5773502691896257 -0.5773502691896257 0.5773502691896257
vn 0.5773502691896257 -0.5773502691896257 -0.5773502691896257
vn -0.5773502691896257 -0.5773502691896257 0.5773502691896257
vn -0.5773502691896257 -0.5773502691896257 -0.5773502691896257
vn -0.5773502691896257 0.5773502691896257 -0.5773502691896257
vn 0.5773502691896257 0.5773502691896257 -0.5773502691896257
vn 0.5773502691896257 -0.5773502691896257 -0.5773502691896257
vn -0.5773502691896257 0.5773502691896257 -0.5773502691896257
vn 0.5773502691896257 -0.5773502691896257 -0.5773502691896257
vn -0.5773502691896257 -0.5773502691896257 -0.5773502691896257
vn 0.5773502691896257 0.5773502691896257 0.5773502691896257
vn -0.5773502691896257 0.5773502691896257 0.5773502691896257
vn -0.5773502691896257 -0.5773502691896257 0.5773502691896257
vn 0.5773502691896257 0.5773502691896257 0.5773502691896257
vn -0.5773502691896257 -0.5773502691896257 0.5773502691896257
vn 0.5773502691896257 -0.5773502691896257 0.5773502691896257
vn -0.5773502691896257 -0.5773502691896257 -0.5773502691896257
vn -0.5773502691896257 -0.5773502691896257 0.5773502691896257
vn -0.5773502691896257 0.5773502691896257 0.5773502691896257
vn -0.5773502691896257 -0.5773502691896257 -0.5773502691896257
vn -0.5773502691896257 0.5773502691896257 0.5773502691896257
vn -0.5773502691896257 0.5773502691896257 -0.5773502691896257
vn -0.5773502691896257 0.5773502691896257 -0.5773502691896257
vn -0.5773502691896257 0.5773502691896257 0.5773502691896257
vn 0.5773502691896257 0.5773502691896257 0.5773502691896257
vn -0.5773502691896257 0.5773502691896257 -0.5773502691896257
vn 0.5773502691896257 0.5773502691896257 0.5773502691896257
vn 0.5773502691896257 0.5773502691896257 -0.5773502691896257
vn 0.5773502691896257 0.5773502691896257 -0.5773502691896257
vn 0.5773502691896257 0.5773502691896257 0.5773502691896257
vn 0.5773502691896257 -0.5773502691896257 0.5773502691896257
vn 0.5773502691896257 0.5773502691896257 -0.5773502691896257
vn 0.5773502691896257 -0.5773502691896257 0.5773502691896257
vn 0.5773502691896257 -0.5773502691896257 -0.5773502691896257
vn 0.5773502691896257 -0.5773502691896257 -0.5773502691896257
vn 0.5773502691896257 -0.5773502691896257 0.5773502691896257
vn -0.5773502691896257 -0.5773502691896257 0.5773502691896257
vn 0.5773502691896257 -0.5773502691896257 -0.5773502691896257
vn -0.5773502691896257 -0.5773502691896257 0.5773502691896257
vn -0.5773502691896257 -0.5773502691896257 -0.5773502691896257
vn -0.5773502691896257 0.5773502691896257 -0.5773502691896257
vn 0.5773502691896257 0.5773502691896257 -0.5773502691896257
vn 0.5773502691896257 -0.5773502691896257 -0.5773502691896257
vn -0.5773502691896257 0.5773502691896257 -0.5773502691896257
vn 0.5773502691896257 -0.5773502691896257 -0.5773502691896257
vn -0.5773502691896257 -0.5773502691896257 -0.5773502691896257
vn 0.5773502691896257 0.5773502691896257 0.5773502691896257
vn -0.5773502691896257 0.5773502691896257 0.5773502691896257
vn -0.5773502691896257 -0.5773502691896257 0.5773502691896257
vn 0.5773502691896257 0.5773502691896257 0.5773502691896257
vn -0.5773502691896257 -0.5773502691896257 0.5773502691896257
vn 0.5773502691896257 -0.5773502691896257 0.5773502691896257
vn -0.5773502691896257 -0.5773502691896257 -0.5773502691896257
vn -0.5773502691896257 -0.5773502691896257 0.5773502691896257
vn -0.5773502691896257 0.5773502691896257 0.5773502691896257
vn -0.5773502691896257 -0.5773502691896257 -0.5773502691896257
vn -0.5773502691896257 0.5773502691896257 0.5773502691896257
vn -0.5773502691896257 0.5773502691896257 -0.5773502691896257
vn -0.5773502691896257 0.5773502691896257 -0.5773502691896257
vn -0.5773502691896257 0.5773502691896257 0.5773502691896257
vn 0.5773502691896257 0.5773502691896257 0.5773502691896257
vn -0.5773502691896257 0.5773502691896257 -0.5773502691896257
vn 0.5773502691896257 0.5773502691896257 0.5773502691896257
vn 0.5773502691896257 0.5773502691896257 -0.5773502691896257
vn 0.5773502691896257 0.5773502691896257 -0.5773502691896257
vn 0.5773502691896257 0.5773502691896257 0.5773502691896257
vn 0.5773502691896257 -0.5773502691896257 0.5773502691896257
vn 0.5773502691896257 0.5773502691896257 -0.5773502691896257
vn 0.5773502691896257 -0.5773502691896257 0.5773502691896257
vn 0.5773502691896257 -0.5773502691896257 -0.5773502691896257
vn 0.5773502691896257 -0.5773502691896257 -0.5773502691896257
vn 0.5773502691896257 -0.5773502691896257 0.5773502691896257
vn -0.5773502691896257 -0.5773502691896257 0.5773502691896257
vn 0.5773502691896257 -0.5773502691896257 -0.5773502691896257
vn -0.5773502691896257 -0.5773502691896257 0.5773502691896257
vn -0.5773502691896257 -0.5773502691896257 -0.5773502691896257
vn -0.5773502691896257 0.5773502691896257 -0.5773502691896257
vn 0.5773502691896257 0.5773502691896257 -0.5773502691896257
vn 0.5773502691896257 -0.5773502691896257 -0.5773502691896257
vn -0.5773502691896257 0.5773502691896257 -0.5773502691896257
vn 0.5773502691896257 -0.5773502691896257 -0.5773502691896257
vn -0.5773502691896257 -0.5773502691896257 -0.5773502691896257
vn 0.5773502691896257 0.5773502691896257 0.5773502691896257
vn -0.5773502691896257 0.5773502691896257 0.5773502691896257
vn -0.5773502691896257 -0.5773502691896257 0.5773502691896257
vn 0.5773502691896257 0.5773502691896257 0.5773502691896257
vn -0.5773502691896257 -0.5773502691896257 0.5773502691896257
vn 0.5773502691896257 -0.5773502691896257 0.5773502691896257
vn -0.5773502691896257 -0.5773502691896257 -0.5773502691896257
vn -0.5773502691896257 -0.5773502691896257 0.5773502691896257
vn -0.5773502691896257 0.5773502691896257 0.5773502691896257
vn -0.5773502691896257 -0.5773502691896257 -0.5773502691896257
vn -0.5773502691896257 0.5773502691896257 0.5773502691896257
vn -0.5773502691896257 0.5773502691896257 -0.5773502691896257
vn -0.5773502691896257 0.5773502691896257 -0.5773502691896257
vn -0.5773502691896257 0.5773502691896257 0.5773502691896257
vn 0.5773502691896257 0.5773502691896257 0.5773502691896257
vn -0.5773502691896257 0.5773502691896257 -0.5773502691896257
vn 0.5773502691896257 0.5773502691896257 0.5773502691896257
vn 0.5773502691896257 0.5773502691896257 -0.5773502691896257
vn 0.5773502691896257 0.5773502691896257 -0.5773502691896257
vn 0.5773502691896257 0.5773502691896257 0.5773502691896257
vn 0.5773502691896257 -0.5773502691896257 0.5773502691896257
vn 0.5773502691896257 0.5773502691896257 -0.5773502691896257
vn 0.5773502691896257 -0.5773502691896257 0.5773502691896257
vn 0.5773502691896257 -0.5773502691896257 -0.5773502691896257
vn 0.5773502691896257 -0.5773502691896257 -0.5773502691896257
vn 0.5773502691896257 -0.5773502691896257 0.5773502691896257
vn -0.5773502691896257 -0.5773502691896257 0.5773502691896257
vn 0.5773502691896257 -0.5773502691896257 -0.5773502691896257
vn -0.5773502691896257 -0.5773502691896257 0.5773502691896257
vn -0.5773502691896257 -0.5773502691896257 -0.5773502691896257
vn -0.5773502691896257 0.5773502691896257 -0.5773502691896257
vn 0.5773502691896257 0.5773502691896257 -0.5773502691896257
vn 0.5773502691896257 -0.5773502691896257 -0.5773502691896257
vn -0.5773502691896257 0.5773502691896257 -0.5773502691896257
vn 0.5773502691896257 -0.5773502691896257 -0.5773502691896257
vn -0.5773502691896257 -0.5773502691896257 -0.5773502691896257
vn 0.5773502691896257 0.5773502691896257 0.5773502691896257
vn -0.5773502691896257 0.5773502691896257 0.5773502691896257
vn -0.5773502691896257 -0.5773502691896257 0.5773502691896257
vn 0.5773502691896257 0.5773502691896257 0.5773502691896257
vn -0.5773502691896257 -0.5773502691896257 0.5773502691896257
vn 0.5773502691896257 -0.5773502691896257 0.5773502691896257
vn -0.5773502691896257 -0.5773502691896257 -0.5773502691896257
vn -0.5773502691896257 -0.5773502691896257 0.5773502691896257
vn -0.5773502691896257 0.5773502691896257 0.5773502691896257
vn -0.5773502691896257 -0.5773502691896257 -0.5773502691896257
vn -0.5773502691896257 0.5773502691896257 0.5773502691896257
vn -0.5773502691896257 0.5773502691896257 -0.5773502691896257
vn -0.5773502691896257 0.5773502691896257 -0.5773502691896257
vn -0.5773502691896257 0.5773502691896257 0.5773502691896257
vn 0.5773502691896257 0.5773502691896257 0.5773502691896257
vn -0.5773502691896257 0.5773502691896257 -0.5773502691896257
vn 0.5773502691896257 0.5773502691896257 0.5773502691896257
vn 0.5773502691896257 0.5773502691896257 -0.5773502691896257
vn 0.5773502691896257 0.5773502691896257 -0.5773502691896257
vn 0.5773502691896257 0.5773502691896257 0.5773502691896257
vn 0.5773502691896257 -0.5773502691896257 0.5773502691896257
vn 0.5773502691896257 0.5773502691896257 -0.5773502691896257
vn 0.5773502691896257 -0.5773502691896257 0.5773502691896257
vn 0.5773502691896257 -0.5773502691896257 -0.5773502691896257
vn 0.5773502691896257 -0.5773502691896257 -0.5773502691896257
vn 0.5773502691896257 -0.5773502691896257 0.5773502691896257
vn -0.5773502691896257 -0.5773502691896257 0.5773502691896257
vn 0.5773502691896257 -0.5773502691896257 -0.5773502691896257
vn -0.5773502691896257 -0.5773502691896257 0.5773502691896257
vn -0.5773502691896257 -0.5773502691896257 -0.5773502691896257
vn -0.5773502691896257 0.5773502691896257 -0.5773502691896257
vn 0.5773502691896257 0.5773502691896257 -0.5773502691896257
vn 0.5773502691896257 -0.5773502691896257 -0.5773502691896257
vn -0.5773502691896257 0.5773502691896257 -0.5773502691896257
vn 0.5773502691896257 -0.5773502691896257 -0.5773502691896257
vn -0.5773502691896257 -0.5773502691896257 -0.5773502691896257
vn 0.5773502691896257 0.5773502691896257 0.5773502691896257
vn -0.5773502691896257 0.5773502691896257 0.5773502691896257
vn -0.5773502691896257 -0.5773502691896257 0.5773502691896257
vn 0.5773502691896257 0.5773502691896257 0.5773502691896257
vn -0.5773502691896257 -0.5773502691896257 0.5773502691896257
vn 0.5773502691896257 -0.5773502691896257 0.5773502691896257
vn 0.5773502691896257 -0.5773502691896257 -0.5773502691896257
vn 0.5773502691896257 -0.5773502691896257 0.5773502691896257
vn -0.5773502691896257 -0.5773502691896257 0.5773502691896257
vn 0.5773502691896257 -0.5773502691896257 -0.5773502691896257
vn -0.5773502691896257 -0.5773502691896257 0.5773502691896257
vn -0.5773502691896257 -0.5773502691896257 -0.5773502691896257
vn -0.5773502691896257 -0.5773502691896257 -0.5773502691896257
vn -0.5773502691896257 -0.5773502691896257 0.5773502691896257
vn -0.5773502691896257 0.5773502691896257 0.5773502691896257
vn -0.5773502691896257 -0.5773502691896257 -0.5773502691896257
vn -0.5773502691896257 0.5773502691896257 0.5773502691896257
vn -0.5773502691896257 0.5773502691896257 -0.5773502691896257
vn -0.5773502691896257 0.5773502691896257 -0.5773502691896257
vn -0.5773502691896257 0.5773502691896257 0.5773502691896257
vn 0.5773502691896257 0.5773502691896257 0.5773502691896257
vn -0.5773502691896257 0.5773502691896257 -0.5773502691896257
vn 0.5773502691896257 0.5773502691896257 0.5773502691896257
vn 0.5773502691896257 0.5773502691896257 -0.5773502691896257
vn 0.5773502691896257 0.5773502691896257 -0.5773502691896257
vn 0.5773502691896257 0.5773502691896257 0.5773502691896257
vn 0.5773502691896257 -0.5773502691896257 0.5773502691896257
vn 0.5773502691896257 0.5773502691896257 -0.5773502691896257
vn 0.5773502691896257 -0.5773502691896257 0.5773502691896257
vn 0.5773502691896257 -0.5773502691896257 -0.5773502691896257
vn -0.5773502691896257 -0.5773502691896257 -0.5773502691896257
vn -0.5773502691896257 0.5773502691896257 -0.5773502691896257
vn 0.5773502691896257 0.5773502691896257 -0.5773502691896257
vn -0.5773502691896257 -0.5773502691896257 -0.5773502691896257
vn 0.5773502691896257 0.5773502691896257 -0.5773502691896257
vn 0.5773502691896257 -0.5773502691896257 -0.5773502691896257
vn -0.5773502691896257 0.5773502691896257 0.5773502691896257
vn -0.5773502691896257 -0.5773502691896257 0.5773502691896257
vn 0.5773502691896257 -0.5773502691896257 0.5773502691896257
vn -0.5773502691896257 0.5773502691896257 0.5773502691896257
vn 0.5773502691896257 -0.5773502691896257 0.5773502691896257
vn 0.5773502691896257 0.5773502691896257 0.5773502691896257
vn 0.5773502691896257 -0.5773502691896257 -0.5773502691896257
vn 0.5773502691896257 -0.5773502691896257 0.5773502691896257
vn -0.5773502691896257 -0.5773502691896257 0.5773502691896257
vn 0.5773502691896257 -0.5773502691896257 -0.5773502691896257
vn -0.5773502691896257 -0.5773502691896257 0.5773502691896257
vn -0.5773502691896257 -0.5773502691896257 -0.5773502691896257
vn -0.5773502691896257 -0.5773502691896257 -0.5773502691896257
vn -0.5773502691896257 -0.5773502691896257 0.5773502691896257
vn -0.5773502691896257 0.5773502691896257 0.5773502691896257
vn -0.5773502691896257 -0.5773502691896257 -0.5773502691896257
vn -0.5773502691896257 0.5773502691896257 0.5773502691896257
vn -0.5773502691896257 0.5773502691896257 -0.5773502691896257
vn -0.5773502691896257 0.5773502691896257 -0.5773502691896257
vn -0.5773502691896257 0.5773502691896257 0.5773502691896257
vn 0.5773502691896257 0.5773502691896257 0.5773502691896257
vn -0.5773502691896257 0.5773502691896257 -0.5773502691896257
vn 0.5773502691896257 0.5773502691896257 0.5773502691896257
vn 0.5773502691896257 0.5773502691896257 -0.5773502691896257
vn 0.5773502691896257 0.5773502691896257 -0.5773502691896257
vn 0.5773502691896257 0.5773502691896257 0.5773502691896257
vn 0.5773502691896257 -0.5773502691896257 0.5773502691896257
vn 0.5773502691896257 0.5773502691896257 -0.5773502691896257
vn 0.5773502691896257 -0.5773502691896257 0.5773502691896257
vn 0.5773502691896257 -0.5773502691896257 -0.5773502691896257
vn -0.5773502691896257 -0.5773502691896257 -0.5773502691896257
vn -0.5773502691896257 0.5773502691896257 -0.5773502691896257
vn 0.5773502691896257 0.5773502691896257 -0.5773502691896257
vn -0.5773502691896257 -0.5773502691896257 -0.5773502691896257
vn 0.5773502691896257 0.5773502691896257 -0.5773502691896257
vn 0.5773502691896257 -0.5773502691896257 -0.5773502691896257
vn -0.5773502691896257 0.5773502691896257 0.5773502691896257
vn -0.5773502691896257 -0.5773502691896257 0.5773502691896257
vn 0.5773502691896257 -0.5773502691896257 0.5773502691896257
vn -0.5773502691896257 0.5773502691896257 0.5773502691896257
vn 0.5773502691896257 -0.5773502691896257 0.5773502691896257
vn 0.5773502691896257 0.5773502691896257 0.5773502691896257
f 1/1/1 2/2/2 3/3/3
f 4/4/4 5/5/5 6/6/6
f 7/7/7 8/8/8 9/9/9
f 10/10/10 11/11/11 12/12/12
f 13/13/13 14/14/14 15/15/15
f 16/16/16 17/17/17 18/18/18
f 19/19/19 20/20/20 21/21/21
f 22/22/22 23/23/23 24/24/24
f 25/25/25 26/26/26 27/27/27
f 28/28/28 29/29/29 30/30/30
f 31/31/31 32/32/32 33/33/33
f 34/34/34 35/35/35 36/36/36
f 37/37/37 38/38/38 39/39/39
f 40/40/40 41/41/41 42/42/42
f 43/43/43 44/44/44 45/45/45
f 46/46/46 47/47/47 48/48/48
f 49/49/49 50/50/50 51/51/51
f 52/52/52 53/53/53 54/54/54
f 55/55/55 56/56/56 57/57/57
f 58/58/58 59/59/59 60/60/60
f 61/61/61 62/62/62 63/63/63
f 64/64/64 65/65/65 66/66/66
f 67/67/67 68/68/68 69/69/69
f 70/70/70 71/71/71 72/72/72
f 73/73/73 74/74/74 75/75/75
f 76/76/76 77/77/77 78/78/78
f 79/79/79 80/80/80 81/81/81
f 82/82/82 83/83/83 84/84/84
f 85/85/85 86/86/86 87/87/87
f 88/88/88 89/89/89 90/90/90
f 91/91/91 92/92/92 93/93/93
f 94/94/94 95/95/95 96/96/96
f 97/97/97 98/98/98 99/99/99
f 100/100/100 101/101/101 102/102/102
f 103/103/103 104/104/104 105/105/105
f 106/106/106 107/107/107 108/108/108
f 109/109/109 110/110/110 111/111/111
f 112/112/112 113/113/113 114/114/114
f 115/115/115 116/116/116 117/117/117
f 118/118/118 119/119/119 120/120/120
f 121/121/121 122/122/122 123/123/123
f 124/124/124 125/125/125 126/126/126
f 127/127/127 128/128/128 129/129/129
f 130/130/130 131/131/131 132/132/132
f 133/133/133 134/134/134 135/135/135
f 136/136/136 137/137/137 138/138/138
f 139/139/139 140/140/140 141/141/141
f 142/142/142 143/143/143 144/144/144
f 145/145/145 146/146/146 147/147/147
f 148/148/148 149/149/149 150/150/150
f 151/151/151 152/152/152 153/153/153
f 154/154/154 155/155/155 156/156/156
f 157/157/157 158/158/158 159/159/159
f 160/160/160 161/161/161 162/162/162
f 163/163/163 164/164/164 165/165/165
f 166/166/166 167/167/167 168/168/168
f 169/169/169 170/170/170 171/171/171
f 172/172/172 173/173/173 174/174/174
f 175/175/175 176/176/176 177/177/177
f 178/178/178 179/179/179 180/180/180
f 181/181/181 182/182/182 183/183/183
f 184/184/184 185/185/185 186/186/186
f 187/187/187 188/188/188 189/189/189
f 190/190/190 191/191/191 192/192/192
f 193/193/193 194/194/194 195/195/195
f 196/196/196 197/197/197 198/198/198
f 199/199/199 200/200/200 201/201/201
f 202/202/202 203/203/203 204/204/204
f 205/205/205 206/206/206 207/207/207
f 208/208/208 209/209/209 210/210/210
f 211/211/211 212/212/212 213/213/213
f 214/214/214 215/215/215 216/216/216
f 217/217/217 218/218/218 219/219/219
f 220/220/220 221/221/221 222/222/222
f 223/223/223 224/224/224 225/225/225
f 226/226/226 227/227/227 228/228/228
f 229/229/229 230/230/230 231/231/231
f 232/232/232 233/233/233 234/234/234
f 235/235/235 236/236/236 237/237/237
f 238/238/238 239/239/239 240/240/240
f 241/241/241 242/242/242 243/243/243
f 244/244/244 245/245/245 246/246/246
f 247/247/247 248/248/248 249/249/249
f 250/250/250 251/251/251 252/252/252
f 253/253/253 254/254/254 255/255/255
f 256/256/256 257/257/257 258/258/258
f 259/259/259 260/260/260 261/261/261
f 262/262/262 263/263/263 264/264/264
f 265/265/265 266/266/266 267/267/267
f 268/268/268 269/269/269 270/270/270
f 271/271/271 272/272/272 273/273/273
f 274/274/274 275/275/275 276/276/276
f 277/277/277 278/278/278 279/279/279
f 280/280/280 281/281/281 282/282/282
f 283/283/283 284/284/284 285/285/285
f 286/286/286 287/287/287 288/288/288
f 289/289/289 290/290/290 291/291/291
f 292/292/292 293/293/293 294/294/294
f 295/295/295 296/296/296 297/297/297
f 298/298/298 299/299/299 300/300/300
f 301/301/301 302/302/302 303/303/303
f 304/304/304 305/305/305 306/306/306
f 307/307/307 308/308/308 309/309/309
f 310/310/310 311/311/311 312/312/312
f 313/313/313 314/314/314 315/315/315
f 316/316/316 317/317/317 318/318/318
f 319/319/319 320/320/320 321/321/321
f 322/322/322 323/323/323 324/324/324
f 325/325/325 326/326/326 327/327/327
f 328/328/328 329/329/329 330/330/330
f 331/331/331 332/332/332 333/333/333
f 334/334/334 335/335/335 336/336/336
f 337/337/337 338/338/338 339/339/339
f 340/340/340 341/341/341 342/342/342
f 343/343/343 344/344/344 345/345/345
f 346/346/346 347/347/347 348/348/348
f 349/349/349 350/350/350 351/351/351
f 352/352/352 353/353/353 354/354/354
f 355/355/355 356/356/356 357/357/357
f 358/358/358 359/359/359 360/360/360
f 361/361/361 362/362/362 363/363/363
f 364/364/364 365/365/365 366/366/366
f 367/367/367 368/368/368 369/369/369
f 370/370/370 371/371/371 372/372/372
f 373/373/373 374/374/374 375/375/375
f 376/376/376 377/377/377 378/378/378
f 379/379/379 380/380/380 381/381/381
f 382/382/382 383/383/383 384/384/384
f 385/385/385 386/386/386 387/387/387
f 388/388/388 389/389/389 390/390/390
f 391/391/391 392/392/392 393/393/393
f 394/394/394 395/395/395 396/396/396
f 397/397/397 398/398/398 399/399/399
f 400/400/400 401/401/401 402/402/402
f 403/403/403 404/404/404 405/405/405
f 406/406/406 407/407/407 408/408/408
f 409/409/409 410/410/410 411/411/411
f 412/412/412 413/413/413 414/414/414
f 415/415/415 416/416/416 417/417/417
f 418/418/418 419/419/419 420/420/420
f 421/421/421 422/422/422 423/423/423
f 424/424/424 425/425/425 426/426/426
f 427/427/427 428/428/428 429/429/429
f 430/430/430 431/431/431 432/432/432
f 433/433/433 434/434/434 435/435/435
f 436/436/436 437/437/437 438/438/438
f 439/439/439 440/440/440 441/441/441
f 442/442/442 443/443/443 444/444/444
f 445/445/445 446/446/446 447/447/447
f 448/448/448 449/449/449 450/450/450
f 451/451/451 452/452/452 453/453/453
f 454/454/454 455/455/455 456/456/456
f 457/457/457 458/458/458 459/459/459
f 460/460/460 461/461/461 462/462/462
f 463/463/463 464/464/464 465/465/465
f 466/466/466 467/467/467 468/468/468
f 469/469/469 470/470/470 471/471/471
f 472/472/472 473/473/473 474/474/474
f 475/475/475 476/476/476 477/477/477
f 478/478/478 479/479/479 480/480/480
f 481/481/481 482/482/482 483/483/483
f 484/484/484 485/485/485 486/486/486
f 487/487/487 488/488/488 489/489/489
f 490/490/490 491/491/491 492/492/492
f 493/493/493 494/494/494 495/495/495
f 496/496/496 497/497/497 498/498/498
f 499/499/499 500/500/500 501/501/501
f 502/502/502 503/503/503 504/504/504
f 505/505/505 506/506/506 507/507/507
f 508/508/508 509/509/509 510/510/510
f 511/511/511 512/512/512 513/513/513
f 514/514/514 515/515/515 516/516/516
f 517/517/517 518/518/518 519/519/519
f 520/520/520 521/521/521 522/522/522
f 523/523/523 524/524/524 525/525/525
f 526/526/526 527/527/527 528/528/528
f 529/529/529 530/530/530 531/531/531
f 532/532/532 533/533/533 534/534/534
f 535/535/535 536/536/536 537/537/537
f 538/538/538 539/539/539 540/540/540
f 541/541/541 542/542/542 543/543/543
f 544/544/544 545/545/545 546/546/546
f 547/547/547 548/548/548 549/549/549
f 550/550/550 551/551/551 552/552/552
f 553/553/553 554/554/554 555/555/555
f 556/556/556 557/557/557 558/558/558
f 559/559/559 560/560/560 561/561/561
f 562/562/562 563/563/563 564/564/564
f 565/565/565 566/566/566 567/567/567
f 568/568/568 569/569/569 570/570/570
f 571/571/571 572/572/572 573/573/573
f 574/574/574 575/575/575 576/576/576
f 577/577/577 578/578/578 579/579/579
f 580/580/580 581/581/581 582/582/582
f 583/583/583 584/584/584 585/585/585
f 586/586/586 587/587/587 588/588/588
f 589/589/589 590/590/590 591/591/591
f 592/592/592 593/593/593 594/594/594
f 595/595/595 596/596/596 597/597/597
f 598/598/598 599/599/599 600/600/600
f 601/601/601 602/602/602 603/603/603
f 604/604/604 605/605/605 606/606/606
f 607/607/607 608/608/608 609/609/609
f 610/610/610 611/611/611 612/612/612
f 613/613/613 614/614/614 615/615/615
f 616/616/616 617/617/617 618/618/618
f 619/619/619 620/620/620 621/621/621
f 622/622/622 623/623/623 624/624/624
f 625/625/625 626/626/626 627/627/627
f 628/628/628 629/629/629 630/630/630
f 631/631/631 632/632/632 633/633/633
f 634/634/634 635/635/635 636/636/636
f 637/637/637 638/638/638 639/639/639
f 640/640/640 641/641/641 642/642/642
f 643/643/643 644/644/644 645/645/645
f 646/646/646 647/647/647 648/648/648
f 649/649/649 650/650/650 651/651/651
f 652/652/652 653/653/653 654/654/654
f 655/655/655 656/656/656 657/657/657
f 658/658/658 659/659/659 660/660/660
f 661/661/661 662/662/662 663/663/663
f 664/664/664 665/665/665 666/666/666
f 667/667/667 668/668/668 669/669/669
f 670/670/670 671/671/671 672/672/672
f 673/673/673 674/674/674 675/675/675
f 676/676/676 677/677/677 678/678/678
f 679/679/679 680/680/680 681/681/681
f 682/682/682 683/683/683 684/684/684
f 685/685/685 686/686/686 687/687/687
f 688/688/688 689/689/689 690/690/690
f 691/691/691 692/692/692 693/693/693
f 694/694/694 695/695/695 696/696/696
f 697/697/697 698/698/698 699/699/699
f 700/700/700 701/701/701 702/702/702
f 703/703/703 704/704/704 705/705/705
f 706/706/706 707/707/707 708/708/708
f 709/709/709 710/710/710 711/711/711
f 712/712/712 713/713/713 714/714/714
f 715/715/715 716/716/716 717/717/717
f 718/718/718 719/719/719 720/720/720
f 721/721/721 722/722/722 723/723/723
f 724/724/724 725/725/725 726/726/726
f 727/727/727 728/728/728 729/729/729
f 730/730/730 731/731/731 732/732/732
f 733/733/733 734/734/734 735/735/735
f 736/736/736 737/737/737 738/738/738
f 739/739/739 740/740/740 741/741/741
f 742/742/742 743/743/743 744/744/744
f 745/745/745 746/746/746 747/747/747
f 748/748/748 749/749/749 750/750/750
f 751/751/751 752/752/752 753/753/753
f 754/754/754 755/755/755 756/756/756
f 757/757/757 758/758/758 759/759/759
f 760/760/760 761/761/761 762/762/762
f 763/763/763 764/764/764 765/765/765
f 766/766/766 767/767/767 768/768/768
f 769/769/769 770/770/770 771/771/771
f 772/772/772 773/773/773 774/774/774
f 775/775/775 776/776/776 777/777/777
f 778/778/778 779/779/779 780/780/780
f 781/781/781 782/782/782 783/783/783
f 784/784/784 785/785/785 786/786/786
f 787/787/787 788/788/788 789/789/789
f 790/790/790 791/791/791 792/792/792
f 793/793/793 794/794/794 795/795/795
f 796/796/796 797/797/797 798/798/798
f 799/799/799 800/800/800 801/801/801
f 802/802/802 803/803/803 804/804/804
f 805/805/805 806/806/806 807/807/807
f 808/808/808 809/809/809 810/810/810
f 811/811/811 812/812/812 813/813/813
f 814/814/814 815/815/815 816/816/816
f 817/817/817 818/818/818 819/819/819
f 820/820/820 821/821/821 822/822/822
f 823/823/823 824/824/824 825/825/825
f 826/826/826 827/827/827 828/828/828
f 829/829/829 830/830/830 831/831/831
f 832/832/832 833/833/833 834/834/834
f 835/835/835 836/836/836 837/837/837
f 838/838/838 839/839/839 840/840/840
f 841/841/841 842/842/842 843/843/843
f 844/844/844 845/845/845 846/846/846
f 847/847/847 848/848/848 849/849/849
f 850/850/850 851/851/851 852/852/852
f 853/853/853 854/854/854 855/855/855
f 856/856/856 857/857/857 858/858/858
f 859/859/859 860/860/860 861/861/861
f 862/862/862 863/863/863 864/864/864
f 865/865/865 866/866/866 867/867/867
f 868/868/868 869/869/869 870/870/870
f 871/871/871 872/872/872 873/873/873
f 874/874/874 875/875/875 876/876/876
f 877/877/877 878/878/878 879/879/879
f 880/880/880 881/881/881 882/882/882
f 883/883/883 884/884/884 885/885/885
f 886/886/886 887/887/887 888/888/888
f 889/889/889 890/890/890 891/891/891
f 892/892/892 893/893/893 894/894/894
f 895/895/895 896/896/896 897/897/897
f 898/898/898 899/899/899 900/900/900
